NumberOfSpecs,6,1024,1024
Spec,0,Tahoma,78,64,190,46
32,ABC,0,1,19,0,0
33,ABC,7,7,7,2,0
34,ABC,3,20,3,10,0
35,ABC,4,39,4,31,0
36,ABC,3,29,3,71,0
37,ABC,3,57,3,101,0
38,ABC,2,43,-2,159,0
39,ABC,3,8,3,203,0
40,ABC,3,20,2,212,0
41,ABC,2,20,3,233,0
42,ABC,3,29,3,254,0
43,ABC,5,37,5,284,0
44,ABC,2,14,3,322,0
45,ABC,2,19,2,337,0
46,ABC,5,9,5,357,0
47,ABC,-1,24,1,367,0
48,ABC,2,31,2,392,0
49,ABC,7,23,5,424,0
50,ABC,3,30,2,448,0
51,ABC,3,29,3,479,0
52,ABC,1,33,1,509,0
53,ABC,3,29,3,543,0
54,ABC,2,31,2,573,0
55,ABC,3,30,2,605,0
56,ABC,2,31,2,636,0
57,ABC,2,31,2,668,0
58,ABC,7,9,7,700,0
59,ABC,4,14,5,710,0
60,ABC,6,35,6,725,0
61,ABC,6,35,6,761,0
62,ABC,6,35,6,797,0
63,ABC,3,26,1,833,0
64,ABC,4,51,3,860,0
65,ABC,-1,40,-1,912,0
66,ABC,4,33,1,953,0
67,ABC,2,35,1,987,0
68,ABC,4,37,2,0,78
69,ABC,4,30,2,38,78
70,ABC,4,29,0,69,78
71,ABC,2,38,3,99,78
72,ABC,4,35,4,138,78
73,ABC,3,18,3,174,78
74,ABC,0,23,4,193,78
75,ABC,4,35,-1,217,78
76,ABC,4,28,0,253,78
77,ABC,4,41,4,282,78
78,ABC,4,35,4,324,78
79,ABC,2,41,2,360,78
80,ABC,4,30,1,402,78
81,ABC,2,42,1,433,78
82,ABC,4,38,-2,476,78
83,ABC,2,33,1,515,78
84,ABC,-1,39,-1,549,78
85,ABC,4,34,4,589,78
86,ABC,-1,40,-1,624,78
87,ABC,0,58,0,665,78
88,ABC,0,37,0,724,78
89,ABC,-1,39,-1,762,78
90,ABC,1,34,1,802,78
91,ABC,5,17,3,837,78
92,ABC,1,25,-2,855,78
93,ABC,3,17,5,881,78
94,ABC,4,39,4,899,78
95,ABC,-1,37,-1,939,78
96,ABC,7,14,14,977,78
97,ABC,1,29,4,992,78
98,ABC,4,30,1,0,156
99,ABC,1,28,1,31,156
100,ABC,1,30,4,60,156
101,ABC,1,32,1,91,156
102,ABC,0,23,-3,124,156
103,ABC,1,30,4,148,156
104,ABC,4,28,4,179,156
105,ABC,4,7,4,208,156
106,ABC,-3,17,4,216,156
107,ABC,4,30,-2,234,156
108,ABC,4,7,4,265,156
109,ABC,4,46,4,273,156
110,ABC,4,28,4,320,156
111,ABC,1,33,1,349,156
112,ABC,4,30,1,383,156
113,ABC,1,30,4,414,156
114,ABC,4,19,0,445,156
115,ABC,2,26,1,465,156
116,ABC,0,21,0,492,156
117,ABC,4,28,4,514,156
118,ABC,0,32,0,543,156
119,ABC,1,46,1,576,156
120,ABC,0,32,0,623,156
121,ABC,0,32,0,656,156
122,ABC,1,26,1,689,156
123,ABC,1,27,3,716,156
124,ABC,9,6,9,744,156
125,ABC,3,26,2,751,156
126,ABC,4,39,4,778,156
160,ABC,0,1,19,818,156
161,ABC,7,7,7,820,156
162,ABC,3,28,4,828,156
163,ABC,2,31,2,857,156
164,ABC,2,32,1,889,156
165,ABC,1,33,1,922,156
166,ABC,9,6,9,956,156
167,ABC,3,29,3,963,156
168,ABC,8,20,7,993,156
169,ABC,2,55,2,0,234
170,ABC,3,25,4,56,234
171,ABC,3,30,4,82,234
172,ABC,5,37,5,113,234
173,ABC,2,19,2,151,234
174,ABC,2,55,2,171,234
175,ABC,-1,37,-1,227,234
176,ABC,3,24,3,265,234
177,ABC,5,37,5,290,234
178,ABC,5,23,4,328,234
179,ABC,5,22,5,352,234
180,ABC,14,14,7,375,234
181,ABC,4,28,4,390,234
182,ABC,1,30,4,419,234
183,ABC,7,9,7,450,234
184,ABC,9,16,10,460,234
185,ABC,8,18,6,477,234
186,ABC,2,28,2,496,234
187,ABC,4,30,3,525,234
188,ABC,5,53,6,556,234
189,ABC,5,56,3,610,234
190,ABC,4,56,4,667,234
191,ABC,1,26,3,724,234
192,ABC,-1,40,-1,751,234
193,ABC,-1,40,-1,792,234
194,ABC,-1,40,-1,833,234
195,ABC,-1,40,-1,874,234
196,ABC,-1,40,-1,915,234
197,ABC,-1,40,-1,956,234
198,ABC,-2,58,2,0,312
199,ABC,2,35,1,59,312
200,ABC,4,30,2,95,312
201,ABC,4,30,2,126,312
202,ABC,4,30,2,157,312
203,ABC,4,30,2,188,312
204,ABC,3,18,3,219,312
205,ABC,3,18,3,238,312
206,ABC,1,22,1,257,312
207,ABC,2,20,2,280,312
208,ABC,0,43,2,301,312
209,ABC,4,35,4,345,312
210,ABC,2,41,2,381,312
211,ABC,2,41,2,423,312
212,ABC,2,41,2,465,312
213,ABC,2,41,2,507,312
214,ABC,2,41,2,549,312
215,ABC,6,34,7,591,312
216,ABC,2,41,2,626,312
217,ABC,4,34,4,668,312
218,ABC,4,34,4,703,312
219,ABC,4,34,4,738,312
220,ABC,4,34,4,773,312
221,ABC,-1,39,-1,808,312
222,ABC,4,30,2,848,312
223,ABC,4,30,1,879,312
224,ABC,1,29,4,910,312
225,ABC,1,29,4,940,312
226,ABC,1,29,4,970,312
227,ABC,1,29,4,0,390
228,ABC,1,29,4,30,390
229,ABC,1,29,4,60,390
230,ABC,1,54,1,90,390
231,ABC,1,28,1,145,390
232,ABC,1,32,1,174,390
233,ABC,1,32,1,207,390
234,ABC,1,32,1,240,390
235,ABC,1,32,1,273,390
236,ABC,0,14,1,306,390
237,ABC,4,14,-3,321,390
238,ABC,-2,19,-2,336,390
239,ABC,-2,19,-2,356,390
240,ABC,1,32,2,376,390
241,ABC,4,28,4,409,390
242,ABC,1,33,1,438,390
243,ABC,1,33,1,472,390
244,ABC,1,33,1,506,390
245,ABC,1,33,1,540,390
246,ABC,1,33,1,574,390
247,ABC,5,37,5,608,390
248,ABC,1,33,1,646,390
249,ABC,4,28,4,680,390
250,ABC,4,28,4,709,390
251,ABC,4,28,4,738,390
252,ABC,4,28,4,767,390
253,ABC,0,32,0,796,390
254,ABC,4,30,1,829,390
Spec,1,Tahoma,58,48,190,46
32,ABC,0,1,14,860,390
33,ABC,5,6,5,862,390
34,ABC,2,15,2,869,390
35,ABC,3,29,3,885,390
36,ABC,2,22,2,915,390
37,ABC,2,43,2,938,390
38,ABC,1,33,-2,982,390
39,ABC,2,6,2,1016,390
40,ABC,2,15,1,0,468
41,ABC,1,15,2,16,468
42,ABC,2,22,2,32,468
43,ABC,3,29,3,55,468
44,ABC,1,11,3,85,468
45,ABC,2,14,1,97,468
46,ABC,4,7,4,112,468
47,ABC,-1,18,1,120,468
48,ABC,1,23,2,139,468
49,ABC,5,18,3,163,468
50,ABC,2,22,2,182,468
51,ABC,2,22,2,205,468
52,ABC,1,24,1,228,468
53,ABC,3,21,2,253,468
54,ABC,2,23,1,275,468
55,ABC,2,23,1,299,468
56,ABC,1,24,1,323,468
57,ABC,1,23,2,348,468
58,ABC,5,7,5,372,468
59,ABC,2,11,4,380,468
60,ABC,4,26,5,392,468
61,ABC,4,27,4,419,468
62,ABC,5,26,4,447,468
63,ABC,2,20,1,474,468
64,ABC,3,38,3,495,468
65,ABC,-1,31,-1,534,468
66,ABC,3,24,1,566,468
67,ABC,1,28,0,591,468
68,ABC,3,29,1,620,468
69,ABC,3,23,1,650,468
70,ABC,3,22,0,674,468
71,ABC,1,29,2,697,468
72,ABC,3,26,3,727,468
73,ABC,2,14,2,754,468
74,ABC,0,17,3,769,468
75,ABC,3,26,-1,787,468
76,ABC,3,21,0,814,468
77,ABC,3,31,3,836,468
78,ABC,3,26,3,868,468
79,ABC,1,32,1,895,468
80,ABC,3,23,0,928,468
81,ABC,1,32,1,952,468
82,ABC,3,28,-1,985,468
83,ABC,1,25,1,0,527
84,ABC,0,28,0,26,527
85,ABC,3,25,3,55,527
86,ABC,-1,31,-1,81,527
87,ABC,0,43,0,113,527
88,ABC,0,28,0,157,527
89,ABC,-1,30,-1,186,527
90,ABC,1,25,1,217,527
91,ABC,3,13,2,243,527
92,ABC,1,18,-1,257,527
93,ABC,2,13,3,276,527
94,ABC,3,29,3,290,527
95,ABC,-1,28,-1,320,527
96,ABC,5,11,10,349,527
97,ABC,1,21,3,361,527
98,ABC,3,23,1,383,527
99,ABC,1,21,0,407,527
100,ABC,1,23,3,429,527
101,ABC,1,23,1,453,527
102,ABC,0,17,-2,477,527
103,ABC,1,23,3,495,527
104,ABC,3,21,3,519,527
105,ABC,3,5,3,541,527
106,ABC,-2,13,3,547,527
107,ABC,3,22,-1,561,527
108,ABC,3,5,3,584,527
109,ABC,3,35,2,590,527
110,ABC,3,21,3,626,527
111,ABC,1,24,1,648,527
112,ABC,3,23,1,673,527
113,ABC,1,23,3,697,527
114,ABC,3,14,0,721,527
115,ABC,1,20,0,736,527
116,ABC,0,16,0,757,527
117,ABC,3,21,3,774,527
118,ABC,0,24,0,796,527
119,ABC,0,36,0,821,527
120,ABC,0,24,0,858,527
121,ABC,0,24,0,883,527
122,ABC,1,19,1,908,527
123,ABC,1,20,2,928,527
124,ABC,7,4,7,949,527
125,ABC,2,20,1,954,527
126,ABC,3,29,3,975,527
160,ABC,0,1,14,1005,527
161,ABC,5,6,5,1007,527
162,ABC,2,21,3,0,586
163,ABC,2,23,1,22,586
164,ABC,1,24,1,46,586
165,ABC,1,24,1,71,586
166,ABC,7,4,7,96,586
167,ABC,2,22,2,101,586
168,ABC,5,16,5,124,586
169,ABC,2,41,2,141,586
170,ABC,2,19,3,183,586
171,ABC,2,23,3,203,586
172,ABC,3,28,4,227,586
173,ABC,2,14,1,256,586
174,ABC,2,41,2,271,586
175,ABC,-1,28,-1,313,586
176,ABC,2,19,2,342,586
177,ABC,3,29,3,362,586
178,ABC,4,17,3,392,586
179,ABC,4,16,4,410,586
180,ABC,10,11,5,427,586
181,ABC,3,21,3,439,586
182,ABC,1,22,3,461,586
183,ABC,5,7,5,484,586
184,ABC,6,12,8,492,586
185,ABC,6,14,4,505,586
186,ABC,2,20,2,520,586
187,ABC,3,22,3,541,586
188,ABC,4,40,4,564,586
189,ABC,4,42,2,605,586
190,ABC,3,42,3,648,586
191,ABC,1,20,2,691,586
192,ABC,-1,31,-1,712,586
193,ABC,-1,31,-1,744,586
194,ABC,-1,31,-1,776,586
195,ABC,-1,31,-1,808,586
196,ABC,-1,31,-1,840,586
197,ABC,-1,31,-1,872,586
198,ABC,-1,44,1,904,586
199,ABC,1,28,0,949,586
200,ABC,3,23,1,978,586
201,ABC,3,23,1,0,645
202,ABC,3,23,1,24,645
203,ABC,3,23,1,48,645
204,ABC,2,14,2,72,645
205,ABC,2,14,2,87,645
206,ABC,1,17,0,102,645
207,ABC,2,15,1,120,645
208,ABC,0,33,1,136,645
209,ABC,3,26,3,170,645
210,ABC,1,32,1,197,645
211,ABC,1,32,1,230,645
212,ABC,1,32,1,263,645
213,ABC,1,32,1,296,645
214,ABC,1,32,1,329,645
215,ABC,4,26,5,362,645
216,ABC,1,32,1,389,645
217,ABC,3,25,3,422,645
218,ABC,3,25,3,448,645
219,ABC,3,25,3,474,645
220,ABC,3,25,3,500,645
221,ABC,-1,30,-1,526,645
222,ABC,3,23,1,557,645
223,ABC,3,22,1,581,645
224,ABC,1,21,3,604,645
225,ABC,1,21,3,626,645
226,ABC,1,21,3,648,645
227,ABC,1,21,3,670,645
228,ABC,1,21,3,692,645
229,ABC,1,21,3,714,645
230,ABC,1,40,1,736,645
231,ABC,1,21,0,777,645
232,ABC,1,23,1,799,645
233,ABC,1,23,1,823,645
234,ABC,1,23,1,847,645
235,ABC,1,23,1,871,645
236,ABC,0,10,1,895,645
237,ABC,3,11,-3,906,645
238,ABC,-2,15,-2,918,645
239,ABC,-1,13,-1,934,645
240,ABC,1,24,1,948,645
241,ABC,3,21,3,973,645
242,ABC,1,24,1,995,645
243,ABC,1,24,1,0,704
244,ABC,1,24,1,25,704
245,ABC,1,24,1,50,704
246,ABC,1,24,1,75,704
247,ABC,3,29,3,100,704
248,ABC,1,24,1,130,704
249,ABC,3,21,3,155,704
250,ABC,3,21,3,177,704
251,ABC,3,21,3,199,704
252,ABC,3,21,3,221,704
253,ABC,0,24,0,243,704
254,ABC,3,23,1,268,704
Spec,2,Tahoma,39,32,190,46
32,ABC,0,1,9,292,704
33,ABC,3,5,3,294,704
34,ABC,1,11,1,300,704
35,ABC,2,19,2,312,704
36,ABC,1,15,1,332,704
37,ABC,1,29,1,348,704
38,ABC,1,22,-1,378,704
39,ABC,1,5,1,401,704
40,ABC,1,10,1,407,704
41,ABC,1,10,1,418,704
42,ABC,1,15,1,429,704
43,ABC,2,19,2,445,704
44,ABC,1,7,2,465,704
45,ABC,1,10,1,473,704
46,ABC,3,4,3,484,704
47,ABC,-1,13,0,489,704
48,ABC,1,15,1,503,704
49,ABC,3,12,2,519,704
50,ABC,1,15,1,532,704
51,ABC,1,15,1,548,704
52,ABC,0,17,0,564,704
53,ABC,2,14,1,582,704
54,ABC,1,15,1,597,704
55,ABC,1,16,0,613,704
56,ABC,1,15,1,630,704
57,ABC,1,15,1,646,704
58,ABC,3,5,3,662,704
59,ABC,1,8,2,668,704
60,ABC,3,17,3,677,704
61,ABC,3,18,2,695,704
62,ABC,3,17,3,714,704
63,ABC,1,14,0,732,704
64,ABC,2,26,1,747,704
65,ABC,-1,21,-1,774,704
66,ABC,2,17,0,796,704
67,ABC,1,18,0,814,704
68,ABC,2,19,1,833,704
69,ABC,2,15,1,853,704
70,ABC,2,15,0,869,704
71,ABC,1,19,1,885,704
72,ABC,2,18,2,905,704
73,ABC,1,10,1,924,704
74,ABC,0,11,2,935,704
75,ABC,2,18,-1,947,704
76,ABC,2,14,0,966,704
77,ABC,2,21,2,981,704
78,ABC,2,17,2,1003,704
79,ABC,1,21,1,0,763
80,ABC,2,16,0,22,763
81,ABC,1,21,1,39,763
82,ABC,2,19,-1,61,763
83,ABC,1,17,0,81,763
84,ABC,0,19,0,99,763
85,ABC,2,17,2,119,763
86,ABC,-1,21,-1,137,763
87,ABC,0,29,0,159,763
88,ABC,0,19,0,189,763
89,ABC,-1,20,-1,209,763
90,ABC,1,17,0,230,763
91,ABC,2,9,1,248,763
92,ABC,0,13,-1,258,763
93,ABC,1,9,2,272,763
94,ABC,2,20,1,282,763
95,ABC,-1,19,-1,303,763
96,ABC,3,8,6,323,763
97,ABC,0,15,2,332,763
98,ABC,2,15,1,348,763
99,ABC,0,15,0,364,763
100,ABC,1,15,2,380,763
101,ABC,0,17,0,396,763
102,ABC,0,12,-2,414,763
103,ABC,1,15,2,427,763
104,ABC,2,14,2,443,763
105,ABC,1,5,1,458,763
106,ABC,-2,9,2,464,763
107,ABC,2,15,-1,474,763
108,ABC,2,4,1,490,763
109,ABC,2,24,1,495,763
110,ABC,2,14,2,520,763
111,ABC,0,17,0,535,763
112,ABC,2,15,1,553,763
113,ABC,1,15,2,569,763
114,ABC,2,10,0,585,763
115,ABC,1,13,0,596,763
116,ABC,0,11,0,610,763
117,ABC,2,14,2,622,763
118,ABC,0,16,0,637,763
119,ABC,0,24,0,654,763
120,ABC,0,16,0,679,763
121,ABC,0,16,0,696,763
122,ABC,0,14,0,713,763
123,ABC,1,13,1,728,763
124,ABC,4,4,4,742,763
125,ABC,1,14,0,747,763
126,ABC,2,19,2,762,763
160,ABC,0,1,9,782,763
161,ABC,3,5,3,784,763
162,ABC,1,15,1,790,763
163,ABC,1,16,0,806,763
164,ABC,0,17,0,823,763
165,ABC,0,17,0,841,763
166,ABC,4,4,4,859,763
167,ABC,1,15,1,864,763
168,ABC,3,11,3,880,763
169,ABC,1,28,1,892,763
170,ABC,1,13,2,921,763
171,ABC,1,16,1,935,763
172,ABC,2,19,2,952,763
173,ABC,1,10,1,972,763
174,ABC,1,28,1,983,763
175,ABC,-1,19,-1,0,803
176,ABC,1,13,1,20,803
177,ABC,2,19,2,34,803
178,ABC,2,12,2,54,803
179,ABC,2,12,2,67,803
180,ABC,7,7,3,80,803
181,ABC,2,14,2,88,803
182,ABC,0,16,1,103,803
183,ABC,3,5,3,120,803
184,ABC,4,8,5,126,803
185,ABC,4,9,3,135,803
186,ABC,1,14,1,145,803
187,ABC,2,15,1,160,803
188,ABC,2,27,3,176,803
189,ABC,2,29,1,204,803
190,ABC,2,28,2,234,803
191,ABC,0,14,1,263,803
192,ABC,-1,21,-1,278,803
193,ABC,-1,21,-1,300,803
194,ABC,-1,21,-1,322,803
195,ABC,-1,21,-1,344,803
196,ABC,-1,21,-1,366,803
197,ABC,-1,21,-1,388,803
198,ABC,-1,29,1,410,803
199,ABC,1,18,0,440,803
200,ABC,2,15,1,459,803
201,ABC,2,15,1,475,803
202,ABC,2,15,1,491,803
203,ABC,2,15,1,507,803
204,ABC,1,10,1,523,803
205,ABC,1,10,1,534,803
206,ABC,0,12,0,545,803
207,ABC,1,10,1,558,803
208,ABC,0,21,1,569,803
209,ABC,2,17,2,591,803
210,ABC,1,21,1,609,803
211,ABC,1,21,1,631,803
212,ABC,1,21,1,653,803
213,ABC,1,21,1,675,803
214,ABC,1,21,1,697,803
215,ABC,3,17,3,719,803
216,ABC,1,21,1,737,803
217,ABC,2,17,2,759,803
218,ABC,2,17,2,777,803
219,ABC,2,17,2,795,803
220,ABC,2,17,2,813,803
221,ABC,-1,20,-1,831,803
222,ABC,2,15,1,852,803
223,ABC,2,15,1,868,803
224,ABC,0,15,2,884,803
225,ABC,0,15,2,900,803
226,ABC,0,15,2,916,803
227,ABC,0,15,2,932,803
228,ABC,0,15,2,948,803
229,ABC,0,15,2,964,803
230,ABC,0,28,0,980,803
231,ABC,0,15,0,0,843
232,ABC,0,17,0,16,843
233,ABC,0,17,0,34,843
234,ABC,0,17,0,52,843
235,ABC,0,17,0,70,843
236,ABC,0,7,0,88,843
237,ABC,2,7,-2,96,843
238,ABC,-1,10,-2,104,843
239,ABC,-1,9,-1,115,843
240,ABC,0,17,0,125,843
241,ABC,2,14,2,143,843
242,ABC,0,17,0,158,843
243,ABC,0,17,0,176,843
244,ABC,0,17,0,194,843
245,ABC,0,17,0,212,843
246,ABC,0,17,0,230,843
247,ABC,2,19,2,248,843
248,ABC,0,17,0,268,843
249,ABC,2,14,2,286,843
250,ABC,2,14,2,301,843
251,ABC,2,14,2,316,843
252,ABC,2,14,2,331,843
253,ABC,0,16,0,346,843
254,ABC,2,15,1,363,843
Spec,3,Courier New,28,20,190,46
32,ABC,0,1,13,379,843
33,ABC,5,4,5,381,843
34,ABC,3,9,2,386,843
35,ABC,2,10,2,396,843
36,ABC,2,10,2,407,843
37,ABC,2,10,2,418,843
38,ABC,2,10,2,429,843
39,ABC,5,4,5,440,843
40,ABC,6,5,3,445,843
41,ABC,3,5,6,451,843
42,ABC,2,10,2,457,843
43,ABC,1,12,1,468,843
44,ABC,3,5,6,481,843
45,ABC,2,10,2,487,843
46,ABC,5,4,5,498,843
47,ABC,2,10,2,503,843
48,ABC,2,10,2,514,843
49,ABC,2,10,2,525,843
50,ABC,2,10,2,536,843
51,ABC,2,10,2,547,843
52,ABC,2,10,2,558,843
53,ABC,2,10,2,569,843
54,ABC,2,11,1,580,843
55,ABC,2,10,2,592,843
56,ABC,2,10,2,603,843
57,ABC,2,10,2,614,843
58,ABC,5,4,5,625,843
59,ABC,3,6,5,630,843
60,ABC,1,12,1,637,843
61,ABC,1,12,1,650,843
62,ABC,1,12,1,663,843
63,ABC,3,9,2,676,843
64,ABC,2,10,2,686,843
65,ABC,0,14,0,697,843
66,ABC,1,12,1,712,843
67,ABC,1,12,1,725,843
68,ABC,1,12,1,738,843
69,ABC,1,12,1,751,843
70,ABC,2,12,0,764,843
71,ABC,1,13,0,777,843
72,ABC,1,12,1,791,843
73,ABC,2,10,2,804,843
74,ABC,2,12,0,815,843
75,ABC,1,13,0,828,843
76,ABC,1,12,1,842,843
77,ABC,0,14,0,855,843
78,ABC,0,14,0,870,843
79,ABC,1,12,1,885,843
80,ABC,2,11,1,898,843
81,ABC,1,12,1,910,843
82,ABC,1,13,0,923,843
83,ABC,2,10,2,937,843
84,ABC,1,12,1,948,843
85,ABC,1,13,0,961,843
86,ABC,0,14,0,975,843
87,ABC,0,14,0,990,843
88,ABC,0,13,1,1005,843
89,ABC,1,12,1,0,883
90,ABC,2,10,2,13,883
91,ABC,6,5,3,24,883
92,ABC,2,10,2,30,883
93,ABC,3,5,6,41,883
94,ABC,2,10,2,47,883
95,ABC,0,15,-1,58,883
96,ABC,5,4,5,74,883
97,ABC,1,12,1,79,883
98,ABC,0,13,1,92,883
99,ABC,2,11,1,106,883
100,ABC,1,13,0,118,883
101,ABC,1,12,1,132,883
102,ABC,2,11,1,145,883
103,ABC,1,12,1,157,883
104,ABC,1,12,1,170,883
105,ABC,2,10,2,183,883
106,ABC,2,8,4,194,883
107,ABC,2,11,1,203,883
108,ABC,2,10,2,215,883
109,ABC,0,14,0,226,883
110,ABC,1,12,1,241,883
111,ABC,1,12,1,254,883
112,ABC,0,13,1,267,883
113,ABC,1,13,0,281,883
114,ABC,2,11,1,295,883
115,ABC,2,10,2,307,883
116,ABC,1,12,1,318,883
117,ABC,1,12,1,331,883
118,ABC,0,14,0,344,883
119,ABC,0,14,0,359,883
120,ABC,1,12,1,374,883
121,ABC,1,13,0,387,883
122,ABC,2,10,2,401,883
123,ABC,4,6,4,412,883
124,ABC,6,2,6,419,883
125,ABC,4,6,4,422,883
126,ABC,2,10,2,429,883
160,ABC,0,1,13,440,883
161,ABC,5,4,5,442,883
162,ABC,2,10,2,447,883
163,ABC,1,11,2,458,883
164,ABC,2,10,2,470,883
165,ABC,0,13,1,481,883
166,ABC,6,2,6,495,883
167,ABC,1,12,1,498,883
168,ABC,3,8,3,511,883
169,ABC,0,14,0,520,883
170,ABC,3,8,3,535,883
171,ABC,1,12,1,544,883
172,ABC,0,13,1,557,883
173,ABC,2,10,2,571,883
174,ABC,0,15,-1,582,883
175,ABC,-1,16,-1,598,883
176,ABC,3,8,3,615,883
177,ABC,1,12,1,624,883
178,ABC,3,7,4,637,883
179,ABC,4,6,4,645,883
180,ABC,5,4,5,652,883
181,ABC,1,12,1,657,883
182,ABC,1,11,2,670,883
183,ABC,8,3,3,682,883
184,ABC,4,5,5,686,883
185,ABC,4,6,4,692,883
186,ABC,3,8,3,699,883
187,ABC,1,12,1,708,883
188,ABC,0,14,0,721,883
189,ABC,0,15,-1,736,883
190,ABC,0,15,-1,752,883
191,ABC,2,9,3,768,883
192,ABC,0,14,0,778,883
193,ABC,0,14,0,793,883
194,ABC,0,14,0,808,883
195,ABC,0,14,0,823,883
196,ABC,0,14,0,838,883
197,ABC,0,14,0,853,883
198,ABC,0,14,0,868,883
199,ABC,1,12,1,883,883
200,ABC,1,12,1,896,883
201,ABC,1,12,1,909,883
202,ABC,1,12,1,922,883
203,ABC,1,12,1,935,883
204,ABC,2,10,2,948,883
205,ABC,2,10,2,959,883
206,ABC,2,10,2,970,883
207,ABC,2,10,2,981,883
208,ABC,0,13,1,992,883
209,ABC,0,14,0,1006,883
210,ABC,1,12,1,0,911
211,ABC,1,12,1,13,911
212,ABC,1,12,1,26,911
213,ABC,1,12,1,39,911
214,ABC,1,12,1,52,911
215,ABC,2,9,3,65,911
216,ABC,1,12,1,75,911
217,ABC,1,13,0,88,911
218,ABC,1,13,0,102,911
219,ABC,1,13,0,116,911
220,ABC,1,13,0,130,911
221,ABC,1,12,1,144,911
222,ABC,2,11,1,157,911
223,ABC,1,11,2,169,911
224,ABC,1,12,1,181,911
225,ABC,1,12,1,194,911
226,ABC,1,12,1,207,911
227,ABC,1,12,1,220,911
228,ABC,1,12,1,233,911
229,ABC,1,12,1,246,911
230,ABC,0,14,0,259,911
231,ABC,2,11,1,274,911
232,ABC,1,12,1,286,911
233,ABC,1,12,1,299,911
234,ABC,1,12,1,312,911
235,ABC,1,12,1,325,911
236,ABC,2,10,2,338,911
237,ABC,2,10,2,349,911
238,ABC,2,10,2,360,911
239,ABC,2,10,2,371,911
240,ABC,1,12,1,382,911
241,ABC,1,12,1,395,911
242,ABC,1,12,1,408,911
243,ABC,1,12,1,421,911
244,ABC,1,12,1,434,911
245,ABC,1,12,1,447,911
246,ABC,1,12,1,460,911
247,ABC,1,12,1,473,911
248,ABC,1,12,1,486,911
249,ABC,1,12,1,499,911
250,ABC,1,12,1,512,911
251,ABC,1,12,1,525,911
252,ABC,1,12,1,538,911
253,ABC,1,13,0,551,911
254,ABC,0,13,1,565,911
Spec,4,Tahoma,26,21,190,46
32,ABC,0,1,6,579,911
33,ABC,2,3,2,581,911
34,ABC,1,6,1,585,911
35,ABC,1,13,1,592,911
36,ABC,1,10,0,606,911
37,ABC,1,19,1,617,911
38,ABC,0,15,-1,637,911
39,ABC,0,4,0,653,911
40,ABC,1,7,0,658,911
41,ABC,0,7,1,666,911
42,ABC,1,10,0,674,911
43,ABC,1,13,1,685,911
44,ABC,0,6,0,699,911
45,ABC,1,6,1,706,911
46,ABC,1,4,1,713,911
47,ABC,-1,9,0,718,911
48,ABC,0,11,0,728,911
49,ABC,2,8,1,740,911
50,ABC,1,10,0,749,911
51,ABC,1,9,1,760,911
52,ABC,0,11,0,770,911
53,ABC,1,9,1,782,911
54,ABC,0,11,0,792,911
55,ABC,1,10,0,804,911
56,ABC,0,11,0,815,911
57,ABC,0,11,0,827,911
58,ABC,2,3,2,839,911
59,ABC,1,5,1,843,911
60,ABC,2,11,2,849,911
61,ABC,2,12,1,861,911
62,ABC,2,11,2,874,911
63,ABC,1,9,0,886,911
64,ABC,1,17,1,896,911
65,ABC,-1,15,-1,914,911
66,ABC,1,12,0,930,911
67,ABC,0,13,0,943,911
68,ABC,1,13,0,957,911
69,ABC,1,11,0,971,911
70,ABC,1,10,0,983,911
71,ABC,0,13,1,994,911
72,ABC,1,12,1,1008,911
73,ABC,1,6,1,0,939
74,ABC,0,8,1,7,939
75,ABC,1,12,-1,16,939
76,ABC,1,9,0,29,939
77,ABC,1,14,1,39,939
78,ABC,1,12,1,54,939
79,ABC,0,15,0,67,939
80,ABC,1,11,0,83,939
81,ABC,0,15,0,95,939
82,ABC,1,13,-1,111,939
83,ABC,0,12,0,125,939
84,ABC,-1,14,-1,138,939
85,ABC,1,12,1,153,939
86,ABC,0,14,-1,166,939
87,ABC,0,19,0,181,939
88,ABC,0,12,0,201,939
89,ABC,-1,14,-1,214,939
90,ABC,0,12,0,229,939
91,ABC,1,6,1,242,939
92,ABC,0,9,-1,249,939
93,ABC,1,6,1,259,939
94,ABC,1,13,1,266,939
95,ABC,-1,13,-1,280,939
96,ABC,2,5,4,294,939
97,ABC,0,10,1,300,939
98,ABC,1,11,0,311,939
99,ABC,0,10,0,323,939
100,ABC,0,11,1,334,939
101,ABC,0,11,0,346,939
102,ABC,0,8,-1,358,939
103,ABC,0,11,1,367,939
104,ABC,1,10,1,379,939
105,ABC,1,3,1,390,939
106,ABC,-1,6,1,394,939
107,ABC,1,10,-1,401,939
108,ABC,1,3,1,412,939
109,ABC,1,16,1,416,939
110,ABC,1,10,1,433,939
111,ABC,0,11,0,444,939
112,ABC,1,11,0,456,939
113,ABC,0,11,1,468,939
114,ABC,1,7,0,480,939
115,ABC,0,9,0,488,939
116,ABC,0,7,0,498,939
117,ABC,1,10,1,506,939
118,ABC,0,10,0,517,939
119,ABC,0,16,0,528,939
120,ABC,0,10,0,545,939
121,ABC,0,10,0,556,939
122,ABC,0,9,0,567,939
123,ABC,0,9,1,577,939
124,ABC,3,2,3,587,939
125,ABC,1,9,0,590,939
126,ABC,1,13,1,600,939
160,ABC,0,1,6,614,939
161,ABC,2,3,2,616,939
162,ABC,1,9,1,620,939
163,ABC,1,10,0,630,939
164,ABC,0,11,0,641,939
165,ABC,0,11,0,653,939
166,ABC,3,2,3,665,939
167,ABC,1,9,1,668,939
168,ABC,2,7,2,678,939
169,ABC,0,20,0,686,939
170,ABC,1,8,1,707,939
171,ABC,1,10,1,716,939
172,ABC,1,13,1,727,939
173,ABC,1,6,1,741,939
174,ABC,0,20,0,748,939
175,ABC,-1,13,-1,769,939
176,ABC,1,8,1,783,939
177,ABC,1,13,1,792,939
178,ABC,1,8,1,806,939
179,ABC,1,8,1,815,939
180,ABC,4,5,2,824,939
181,ABC,1,10,1,830,939
182,ABC,0,10,1,841,939
183,ABC,2,3,2,852,939
184,ABC,3,5,3,856,939
185,ABC,2,7,1,862,939
186,ABC,0,10,0,870,939
187,ABC,1,10,1,881,939
188,ABC,1,18,2,892,939
189,ABC,1,19,1,911,939
190,ABC,1,19,1,931,939
191,ABC,0,9,1,951,939
192,ABC,-1,15,-1,961,939
193,ABC,-1,15,-1,977,939
194,ABC,-1,15,-1,993,939
195,ABC,-1,15,-1,0,965
196,ABC,-1,15,-1,16,965
197,ABC,-1,15,-1,32,965
198,ABC,-1,20,0,48,965
199,ABC,0,13,0,69,965
200,ABC,1,11,0,83,965
201,ABC,1,11,0,95,965
202,ABC,1,11,0,107,965
203,ABC,1,11,0,119,965
204,ABC,1,6,1,131,965
205,ABC,1,6,1,138,965
206,ABC,0,8,0,145,965
207,ABC,1,7,0,154,965
208,ABC,0,15,0,162,965
209,ABC,1,12,1,178,965
210,ABC,0,15,0,191,965
211,ABC,0,15,0,207,965
212,ABC,0,15,0,223,965
213,ABC,0,15,0,239,965
214,ABC,0,15,0,255,965
215,ABC,2,12,1,271,965
216,ABC,0,15,0,284,965
217,ABC,1,12,1,300,965
218,ABC,1,12,1,313,965
219,ABC,1,12,1,326,965
220,ABC,1,12,1,339,965
221,ABC,-1,14,-1,352,965
222,ABC,1,11,0,367,965
223,ABC,1,11,0,379,965
224,ABC,0,10,1,391,965
225,ABC,0,10,1,402,965
226,ABC,0,10,1,413,965
227,ABC,0,10,1,424,965
228,ABC,0,10,1,435,965
229,ABC,0,10,1,446,965
230,ABC,0,18,0,457,965
231,ABC,0,10,0,476,965
232,ABC,0,11,0,487,965
233,ABC,0,11,0,499,965
234,ABC,0,11,0,511,965
235,ABC,0,11,0,523,965
236,ABC,0,5,0,535,965
237,ABC,1,6,-2,541,965
238,ABC,-1,7,-1,548,965
239,ABC,-1,7,-1,556,965
240,ABC,0,11,0,564,965
241,ABC,1,10,1,576,965
242,ABC,0,11,0,587,965
243,ABC,0,11,0,599,965
244,ABC,0,11,0,611,965
245,ABC,0,11,0,623,965
246,ABC,0,11,0,635,965
247,ABC,1,13,1,647,965
248,ABC,0,11,0,661,965
249,ABC,1,10,1,673,965
250,ABC,1,10,1,684,965
251,ABC,1,10,1,695,965
252,ABC,1,10,1,706,965
253,ABC,0,10,0,717,965
254,ABC,1,11,0,728,965
Spec,5,Courier New,17,13,190,46
32,ABC,0,1,8,740,965
33,ABC,3,3,3,742,965
34,ABC,2,6,1,746,965
35,ABC,1,7,1,753,965
36,ABC,1,7,1,761,965
37,ABC,1,7,1,769,965
38,ABC,1,7,1,777,965
39,ABC,3,3,3,785,965
40,ABC,4,3,2,789,965
41,ABC,2,3,4,793,965
42,ABC,1,7,1,797,965
43,ABC,1,7,1,805,965
44,ABC,2,4,3,813,965
45,ABC,1,7,1,818,965
46,ABC,3,3,3,826,965
47,ABC,1,7,1,830,965
48,ABC,1,7,1,838,965
49,ABC,1,7,1,846,965
50,ABC,1,7,1,854,965
51,ABC,1,7,1,862,965
52,ABC,1,7,1,870,965
53,ABC,1,7,1,878,965
54,ABC,1,7,1,886,965
55,ABC,1,7,1,894,965
56,ABC,1,7,1,902,965
57,ABC,1,7,1,910,965
58,ABC,3,3,3,918,965
59,ABC,2,4,3,922,965
60,ABC,0,8,1,927,965
61,ABC,0,9,0,936,965
62,ABC,1,8,0,946,965
63,ABC,2,6,1,955,965
64,ABC,1,7,1,962,965
65,ABC,0,9,0,970,965
66,ABC,0,9,0,980,965
67,ABC,1,8,0,990,965
68,ABC,1,8,0,999,965
69,ABC,0,8,1,1008,965
70,ABC,1,8,0,0,991
71,ABC,1,8,0,9,991
72,ABC,0,9,0,18,991
73,ABC,1,7,1,28,991
74,ABC,1,8,0,36,991
75,ABC,0,9,0,45,991
76,ABC,0,9,0,55,991
77,ABC,0,9,0,65,991
78,ABC,0,9,0,75,991
79,ABC,1,8,0,85,991
80,ABC,1,8,0,94,991
81,ABC,1,8,0,103,991
82,ABC,0,9,0,112,991
83,ABC,1,7,1,122,991
84,ABC,1,7,1,130,991
85,ABC,0,9,0,138,991
86,ABC,0,9,0,148,991
87,ABC,0,9,0,158,991
88,ABC,0,9,0,168,991
89,ABC,0,9,0,178,991
90,ABC,1,7,1,188,991
91,ABC,4,3,2,196,991
92,ABC,1,7,1,200,991
93,ABC,2,3,4,208,991
94,ABC,1,7,1,212,991
95,ABC,0,9,0,220,991
96,ABC,3,3,3,230,991
97,ABC,1,7,1,234,991
98,ABC,0,9,0,242,991
99,ABC,1,8,0,252,991
100,ABC,0,9,0,261,991
101,ABC,1,7,1,271,991
102,ABC,1,8,0,279,991
103,ABC,1,8,0,288,991
104,ABC,0,9,0,297,991
105,ABC,1,7,1,307,991
106,ABC,1,5,3,315,991
107,ABC,1,8,0,321,991
108,ABC,1,7,1,330,991
109,ABC,-1,10,0,338,991
110,ABC,0,9,0,349,991
111,ABC,1,7,1,359,991
112,ABC,0,9,0,367,991
113,ABC,1,8,0,377,991
114,ABC,1,8,0,386,991
115,ABC,1,7,1,395,991
116,ABC,1,7,1,403,991
117,ABC,0,9,0,411,991
118,ABC,1,8,0,421,991
119,ABC,0,9,0,430,991
120,ABC,0,9,0,440,991
121,ABC,1,8,0,450,991
122,ABC,1,7,1,459,991
123,ABC,3,3,3,467,991
124,ABC,4,1,4,471,991
125,ABC,2,4,3,473,991
126,ABC,1,7,1,478,991
160,ABC,0,1,8,486,991
161,ABC,3,3,3,488,991
162,ABC,1,6,2,492,991
163,ABC,1,7,1,499,991
164,ABC,1,7,1,507,991
165,ABC,1,7,1,515,991
166,ABC,4,1,4,523,991
167,ABC,1,7,1,525,991
168,ABC,2,5,2,533,991
169,ABC,0,9,0,539,991
170,ABC,2,5,2,549,991
171,ABC,0,9,0,555,991
172,ABC,0,8,1,565,991
173,ABC,1,7,1,574,991
174,ABC,0,9,0,582,991
175,ABC,-1,11,-1,592,991
176,ABC,2,5,2,604,991
177,ABC,1,7,1,610,991
178,ABC,2,5,2,618,991
179,ABC,2,5,2,624,991
180,ABC,3,3,3,630,991
181,ABC,0,9,0,634,991
182,ABC,1,7,1,644,991
183,ABC,5,2,2,652,991
184,ABC,3,3,3,655,991
185,ABC,2,5,2,659,991
186,ABC,2,5,2,665,991
187,ABC,0,9,0,671,991
188,ABC,0,10,-1,681,991
189,ABC,0,9,0,692,991
190,ABC,0,9,0,702,991
191,ABC,1,6,2,712,991
192,ABC,0,9,0,719,991
193,ABC,0,9,0,729,991
194,ABC,0,9,0,739,991
195,ABC,0,9,0,749,991
196,ABC,0,9,0,759,991
197,ABC,0,9,0,769,991
198,ABC,0,9,0,779,991
199,ABC,1,8,0,789,991
200,ABC,0,8,1,798,991
201,ABC,0,8,1,807,991
202,ABC,0,8,1,816,991
203,ABC,0,8,1,825,991
204,ABC,1,7,1,834,991
205,ABC,1,7,1,842,991
206,ABC,1,7,1,850,991
207,ABC,1,7,1,858,991
208,ABC,0,8,1,866,991
209,ABC,0,9,0,875,991
210,ABC,1,8,0,885,991
211,ABC,1,8,0,894,991
212,ABC,1,8,0,903,991
213,ABC,1,8,0,912,991
214,ABC,1,8,0,921,991
215,ABC,1,6,2,930,991
216,ABC,0,9,0,937,991
217,ABC,0,9,0,947,991
218,ABC,0,9,0,957,991
219,ABC,0,9,0,967,991
220,ABC,0,9,0,977,991
221,ABC,0,9,0,987,991
222,ABC,1,8,0,997,991
223,ABC,0,8,1,1006,991
224,ABC,1,7,1,1015,991
225,ABC,1,7,1,0,1009
226,ABC,1,7,1,8,1009
227,ABC,1,7,1,16,1009
228,ABC,1,7,1,24,1009
229,ABC,1,7,1,32,1009
230,ABC,0,9,0,40,1009
231,ABC,1,8,0,50,1009
232,ABC,1,7,1,59,1009
233,ABC,1,7,1,67,1009
234,ABC,1,7,1,75,1009
235,ABC,1,7,1,83,1009
236,ABC,1,7,1,91,1009
237,ABC,1,7,1,99,1009
238,ABC,1,7,1,107,1009
239,ABC,1,7,1,115,1009
240,ABC,1,7,1,123,1009
241,ABC,0,9,0,131,1009
242,ABC,1,7,1,141,1009
243,ABC,1,7,1,149,1009
244,ABC,1,7,1,157,1009
245,ABC,1,7,1,165,1009
246,ABC,1,7,1,173,1009
247,ABC,1,7,1,181,1009
248,ABC,0,9,0,189,1009
249,ABC,0,9,0,199,1009
250,ABC,0,9,0,209,1009
251,ABC,0,9,0,219,1009
252,ABC,0,9,0,229,1009
253,ABC,1,8,0,239,1009
254,ABC,0,8,1,248,1009
