NumberOfSpecs,11,1024,1024
Spec,0,Tahoma,78,64,190,46
32,ABC,0,1,19,0,0
33,ABC,7,7,7,2,0
34,ABC,3,20,3,10,0
35,ABC,4,39,4,31,0
36,ABC,3,29,3,71,0
37,ABC,3,57,3,101,0
38,ABC,2,43,-2,159,0
39,ABC,3,8,3,203,0
40,ABC,3,20,2,212,0
41,ABC,2,20,3,233,0
42,ABC,3,29,3,254,0
43,ABC,5,37,5,284,0
44,ABC,2,14,3,322,0
45,ABC,2,19,2,337,0
46,ABC,5,9,5,357,0
47,ABC,-1,24,1,367,0
48,ABC,2,31,2,392,0
49,ABC,7,23,5,424,0
50,ABC,3,30,2,448,0
51,ABC,3,29,3,479,0
52,ABC,1,33,1,509,0
53,ABC,3,29,3,543,0
54,ABC,2,31,2,573,0
55,ABC,3,30,2,605,0
56,ABC,2,31,2,636,0
57,ABC,2,31,2,668,0
58,ABC,7,9,7,700,0
59,ABC,4,14,5,710,0
60,ABC,6,35,6,725,0
61,ABC,6,35,6,761,0
62,ABC,6,35,6,797,0
63,ABC,3,26,1,833,0
64,ABC,4,51,3,860,0
65,ABC,-1,40,-1,912,0
66,ABC,4,33,1,953,0
67,ABC,2,35,1,987,0
68,ABC,4,37,2,0,78
69,ABC,4,30,2,38,78
70,ABC,4,29,0,69,78
71,ABC,2,38,3,99,78
72,ABC,4,35,4,138,78
73,ABC,3,18,3,174,78
74,ABC,0,23,4,193,78
75,ABC,4,35,-1,217,78
76,ABC,4,28,0,253,78
77,ABC,4,41,4,282,78
78,ABC,4,35,4,324,78
79,ABC,2,41,2,360,78
80,ABC,4,30,1,402,78
81,ABC,2,42,1,433,78
82,ABC,4,38,-2,476,78
83,ABC,2,33,1,515,78
84,ABC,-1,39,-1,549,78
85,ABC,4,34,4,589,78
86,ABC,-1,40,-1,624,78
87,ABC,0,58,0,665,78
88,ABC,0,37,0,724,78
89,ABC,-1,39,-1,762,78
90,ABC,1,34,1,802,78
91,ABC,5,17,3,837,78
92,ABC,1,25,-2,855,78
93,ABC,3,17,5,881,78
94,ABC,4,39,4,899,78
95,ABC,-1,37,-1,939,78
96,ABC,7,14,14,977,78
97,ABC,1,29,4,992,78
98,ABC,4,30,1,0,156
99,ABC,1,28,1,31,156
100,ABC,1,30,4,60,156
101,ABC,1,32,1,91,156
102,ABC,1,22,-3,124,156
103,ABC,1,30,4,147,156
104,ABC,4,28,4,178,156
105,ABC,4,7,4,207,156
106,ABC,-3,17,4,215,156
107,ABC,4,30,-2,233,156
108,ABC,4,7,4,264,156
109,ABC,4,46,4,272,156
110,ABC,4,28,4,319,156
111,ABC,1,33,1,348,156
112,ABC,4,30,1,382,156
113,ABC,1,30,4,413,156
114,ABC,4,19,0,444,156
115,ABC,2,26,1,464,156
116,ABC,0,21,0,491,156
117,ABC,4,28,4,513,156
118,ABC,0,32,0,542,156
119,ABC,1,46,1,575,156
120,ABC,0,32,0,622,156
121,ABC,0,32,0,655,156
122,ABC,1,26,1,688,156
123,ABC,1,27,3,715,156
124,ABC,9,6,9,743,156
125,ABC,3,26,2,750,156
126,ABC,4,39,4,777,156
160,ABC,0,1,19,817,156
161,ABC,7,7,7,819,156
162,ABC,3,28,4,827,156
163,ABC,2,31,2,856,156
164,ABC,2,32,1,888,156
165,ABC,1,33,1,921,156
166,ABC,9,6,9,955,156
167,ABC,3,29,3,962,156
168,ABC,8,20,7,992,156
169,ABC,2,55,2,0,234
170,ABC,3,25,4,56,234
171,ABC,3,30,4,82,234
172,ABC,5,37,5,113,234
173,ABC,2,19,2,151,234
174,ABC,2,55,2,171,234
175,ABC,-1,37,-1,227,234
176,ABC,3,24,3,265,234
177,ABC,5,37,5,290,234
178,ABC,5,23,4,328,234
179,ABC,5,22,5,352,234
180,ABC,14,14,7,375,234
181,ABC,4,28,4,390,234
182,ABC,1,30,4,419,234
183,ABC,7,9,7,450,234
184,ABC,9,16,10,460,234
185,ABC,8,18,6,477,234
186,ABC,2,28,2,496,234
187,ABC,4,30,3,525,234
188,ABC,5,53,6,556,234
189,ABC,5,56,3,610,234
190,ABC,4,56,4,667,234
191,ABC,1,26,3,724,234
192,ABC,-1,40,-1,751,234
193,ABC,-1,40,-1,792,234
194,ABC,-1,40,-1,833,234
195,ABC,-1,40,-1,874,234
196,ABC,-1,40,-1,915,234
197,ABC,-1,40,-1,956,234
198,ABC,-2,58,2,0,312
199,ABC,2,35,1,59,312
200,ABC,4,30,2,95,312
201,ABC,4,30,2,126,312
202,ABC,4,30,2,157,312
203,ABC,4,30,2,188,312
204,ABC,3,18,3,219,312
205,ABC,3,18,3,238,312
206,ABC,1,22,1,257,312
207,ABC,2,20,2,280,312
208,ABC,0,43,2,301,312
209,ABC,4,35,4,345,312
210,ABC,2,41,2,381,312
211,ABC,2,41,2,423,312
212,ABC,2,41,2,465,312
213,ABC,2,41,2,507,312
214,ABC,2,41,2,549,312
215,ABC,6,34,7,591,312
216,ABC,2,41,2,626,312
217,ABC,4,34,4,668,312
218,ABC,4,34,4,703,312
219,ABC,4,34,4,738,312
220,ABC,4,34,4,773,312
221,ABC,-1,39,-1,808,312
222,ABC,4,30,2,848,312
223,ABC,4,30,1,879,312
224,ABC,1,29,4,910,312
225,ABC,1,29,4,940,312
226,ABC,1,29,4,970,312
227,ABC,1,29,4,0,390
228,ABC,1,29,4,30,390
229,ABC,1,29,4,60,390
230,ABC,1,54,1,90,390
231,ABC,1,28,1,145,390
232,ABC,1,32,1,174,390
233,ABC,1,32,1,207,390
234,ABC,1,32,1,240,390
235,ABC,1,32,1,273,390
236,ABC,0,14,1,306,390
237,ABC,4,14,-3,321,390
238,ABC,-2,19,-2,336,390
239,ABC,-2,19,-2,356,390
240,ABC,1,32,2,376,390
241,ABC,4,28,4,409,390
242,ABC,1,33,1,438,390
243,ABC,1,33,1,472,390
244,ABC,1,33,1,506,390
245,ABC,1,33,1,540,390
246,ABC,1,33,1,574,390
247,ABC,5,37,5,608,390
248,ABC,1,33,1,646,390
249,ABC,4,28,4,680,390
250,ABC,4,28,4,709,390
251,ABC,4,28,4,738,390
252,ABC,4,28,4,767,390
253,ABC,0,32,0,796,390
254,ABC,4,30,1,829,390
Spec,1,Tahoma,39,32,190,46
32,ABC,0,1,9,860,390
33,ABC,3,5,3,862,390
34,ABC,1,11,1,868,390
35,ABC,2,19,2,880,390
36,ABC,1,15,1,900,390
37,ABC,1,29,1,916,390
38,ABC,1,22,-1,946,390
39,ABC,1,5,1,969,390
40,ABC,1,10,1,975,390
41,ABC,1,10,1,986,390
42,ABC,1,15,1,997,390
43,ABC,2,19,2,0,468
44,ABC,1,7,2,20,468
45,ABC,1,10,1,28,468
46,ABC,3,4,3,39,468
47,ABC,-1,13,0,44,468
48,ABC,1,15,1,58,468
49,ABC,3,12,2,74,468
50,ABC,1,15,1,87,468
51,ABC,1,15,1,103,468
52,ABC,0,17,0,119,468
53,ABC,2,14,1,137,468
54,ABC,1,15,1,152,468
55,ABC,1,16,0,168,468
56,ABC,1,15,1,185,468
57,ABC,1,15,1,201,468
58,ABC,3,5,3,217,468
59,ABC,1,8,2,223,468
60,ABC,3,17,3,232,468
61,ABC,3,18,2,250,468
62,ABC,3,17,3,269,468
63,ABC,1,14,0,287,468
64,ABC,2,26,1,302,468
65,ABC,-1,21,-1,329,468
66,ABC,2,17,0,351,468
67,ABC,1,18,0,369,468
68,ABC,2,19,1,388,468
69,ABC,2,15,1,408,468
70,ABC,2,15,0,424,468
71,ABC,1,19,1,440,468
72,ABC,2,18,2,460,468
73,ABC,1,10,1,479,468
74,ABC,0,11,2,490,468
75,ABC,2,18,-1,502,468
76,ABC,2,14,0,521,468
77,ABC,2,21,2,536,468
78,ABC,2,17,2,558,468
79,ABC,1,21,1,576,468
80,ABC,2,16,0,598,468
81,ABC,1,21,1,615,468
82,ABC,2,19,-1,637,468
83,ABC,1,17,0,657,468
84,ABC,0,19,0,675,468
85,ABC,2,17,2,695,468
86,ABC,-1,21,-1,713,468
87,ABC,0,29,0,735,468
88,ABC,0,19,0,765,468
89,ABC,-1,20,-1,785,468
90,ABC,1,17,0,806,468
91,ABC,2,9,1,824,468
92,ABC,0,13,-1,834,468
93,ABC,1,9,2,848,468
94,ABC,2,20,1,858,468
95,ABC,-1,19,-1,879,468
96,ABC,3,8,6,899,468
97,ABC,1,14,2,908,468
98,ABC,2,15,1,923,468
99,ABC,1,14,0,939,468
100,ABC,1,15,2,954,468
101,ABC,1,16,0,970,468
102,ABC,0,12,-2,987,468
103,ABC,1,15,2,1000,468
104,ABC,2,14,2,0,508
105,ABC,2,4,1,15,508
106,ABC,-2,9,2,20,508
107,ABC,2,15,-1,30,508
108,ABC,2,3,2,46,508
109,ABC,2,23,2,50,508
110,ABC,2,14,2,74,508
111,ABC,0,17,0,89,508
112,ABC,2,15,1,107,508
113,ABC,1,15,2,123,508
114,ABC,2,10,0,139,508
115,ABC,1,13,0,150,508
116,ABC,0,11,0,164,508
117,ABC,2,14,2,176,508
118,ABC,0,16,0,191,508
119,ABC,0,24,0,208,508
120,ABC,0,16,0,233,508
121,ABC,0,16,0,250,508
122,ABC,0,14,0,267,508
123,ABC,1,13,1,282,508
124,ABC,4,4,4,296,508
125,ABC,1,14,0,301,508
126,ABC,2,19,2,316,508
160,ABC,0,1,9,336,508
161,ABC,3,5,3,338,508
162,ABC,1,15,1,344,508
163,ABC,1,16,0,360,508
164,ABC,0,17,0,377,508
165,ABC,0,17,0,395,508
166,ABC,4,4,4,413,508
167,ABC,1,15,1,418,508
168,ABC,3,11,3,434,508
169,ABC,1,28,1,446,508
170,ABC,1,13,2,475,508
171,ABC,1,16,1,489,508
172,ABC,2,19,2,506,508
173,ABC,1,10,1,526,508
174,ABC,1,28,1,537,508
175,ABC,-1,19,-1,566,508
176,ABC,1,13,1,586,508
177,ABC,2,19,2,600,508
178,ABC,2,12,2,620,508
179,ABC,2,12,2,633,508
180,ABC,7,7,3,646,508
181,ABC,2,14,2,654,508
182,ABC,0,16,1,669,508
183,ABC,3,5,3,686,508
184,ABC,4,8,5,692,508
185,ABC,4,9,3,701,508
186,ABC,1,14,1,711,508
187,ABC,2,15,1,726,508
188,ABC,2,27,3,742,508
189,ABC,2,29,1,770,508
190,ABC,2,28,2,800,508
191,ABC,0,14,1,829,508
192,ABC,-1,21,-1,844,508
193,ABC,-1,21,-1,866,508
194,ABC,-1,21,-1,888,508
195,ABC,-1,21,-1,910,508
196,ABC,-1,21,-1,932,508
197,ABC,-1,21,-1,954,508
198,ABC,-1,29,1,976,508
199,ABC,1,18,0,0,548
200,ABC,2,15,1,19,548
201,ABC,2,15,1,35,548
202,ABC,2,15,1,51,548
203,ABC,2,15,1,67,548
204,ABC,1,10,1,83,548
205,ABC,1,10,1,94,548
206,ABC,1,11,0,105,548
207,ABC,1,10,1,117,548
208,ABC,0,21,1,128,548
209,ABC,2,17,2,150,548
210,ABC,1,21,1,168,548
211,ABC,1,21,1,190,548
212,ABC,1,21,1,212,548
213,ABC,1,21,1,234,548
214,ABC,1,21,1,256,548
215,ABC,3,17,3,278,548
216,ABC,1,21,1,296,548
217,ABC,2,17,2,318,548
218,ABC,2,17,2,336,548
219,ABC,2,17,2,354,548
220,ABC,2,17,2,372,548
221,ABC,-1,20,-1,390,548
222,ABC,2,15,1,411,548
223,ABC,2,15,1,427,548
224,ABC,1,14,2,443,548
225,ABC,1,14,2,458,548
226,ABC,1,14,2,473,548
227,ABC,1,14,2,488,548
228,ABC,1,14,2,503,548
229,ABC,0,15,2,518,548
230,ABC,0,28,0,534,548
231,ABC,0,15,0,563,548
232,ABC,1,16,0,579,548
233,ABC,1,16,0,596,548
234,ABC,1,16,0,613,548
235,ABC,1,16,0,630,548
236,ABC,0,7,0,647,548
237,ABC,2,7,-2,655,548
238,ABC,-1,10,-2,663,548
239,ABC,-1,9,-1,674,548
240,ABC,0,17,0,684,548
241,ABC,2,14,2,702,548
242,ABC,0,17,0,717,548
243,ABC,0,17,0,735,548
244,ABC,0,17,0,753,548
245,ABC,0,17,0,771,548
246,ABC,0,17,0,789,548
247,ABC,2,19,2,807,548
248,ABC,0,17,0,827,548
249,ABC,2,14,2,845,548
250,ABC,2,14,2,860,548
251,ABC,2,14,2,875,548
252,ABC,2,14,2,890,548
253,ABC,0,16,0,905,548
254,ABC,2,15,1,922,548
Spec,2,Times New Roman,37,28,190,46
32,ABC,0,1,7,938,548
33,ABC,3,5,3,940,548
34,ABC,2,10,1,946,548
35,ABC,0,16,0,957,548
36,ABC,1,14,1,974,548
37,ABC,1,26,0,989,548
38,ABC,1,23,1,0,588
39,ABC,0,4,1,24,588
40,ABC,1,9,1,29,588
41,ABC,1,9,1,39,588
42,ABC,2,11,2,49,588
43,ABC,0,18,0,61,588
44,ABC,1,6,1,80,588
45,ABC,0,9,1,87,588
46,ABC,2,4,2,97,588
47,ABC,0,10,-1,102,588
48,ABC,1,14,1,113,588
49,ABC,3,10,3,128,588
50,ABC,0,15,1,139,588
51,ABC,1,13,2,155,588
52,ABC,0,15,1,169,588
53,ABC,1,13,2,185,588
54,ABC,1,14,1,199,588
55,ABC,1,14,1,214,588
56,ABC,2,13,1,229,588
57,ABC,1,14,1,243,588
58,ABC,3,4,2,258,588
59,ABC,2,5,2,263,588
60,ABC,0,18,0,269,588
61,ABC,0,18,0,288,588
62,ABC,0,18,0,307,588
63,ABC,1,12,1,326,588
64,ABC,1,28,0,339,588
65,ABC,0,22,0,368,588
66,ABC,0,20,1,391,588
67,ABC,1,19,1,412,588
68,ABC,0,22,1,432,588
69,ABC,0,20,0,455,588
70,ABC,0,17,1,476,588
71,ABC,1,22,0,494,588
72,ABC,0,23,0,517,588
73,ABC,1,10,0,541,588
74,ABC,0,13,0,552,588
75,ABC,0,23,-1,566,588
76,ABC,0,19,0,590,588
77,ABC,0,28,0,610,588
78,ABC,-1,24,0,639,588
79,ABC,1,21,1,664,588
80,ABC,0,17,1,686,588
81,ABC,1,21,1,704,588
82,ABC,0,22,-1,726,588
83,ABC,2,15,1,749,588
84,ABC,1,18,0,765,588
85,ABC,0,22,0,784,588
86,ABC,0,23,0,807,588
87,ABC,0,29,0,831,588
88,ABC,0,23,0,861,588
89,ABC,0,23,0,885,588
90,ABC,0,19,0,909,588
91,ABC,3,7,1,929,588
92,ABC,0,8,0,937,588
93,ABC,1,7,3,946,588
94,ABC,0,15,0,954,588
95,ABC,-1,18,-1,970,588
96,ABC,1,6,3,989,588
97,ABC,1,13,0,996,588
98,ABC,0,15,1,0,625
99,ABC,1,12,1,16,625
100,ABC,1,15,0,29,625
101,ABC,1,13,0,45,625
102,ABC,1,13,-4,59,625
103,ABC,0,15,0,73,625
104,ABC,0,16,-1,89,625
105,ABC,1,8,0,106,625
106,ABC,-3,10,2,115,625
107,ABC,0,17,-1,126,625
108,ABC,1,8,0,144,625
109,ABC,0,24,-1,153,625
110,ABC,0,16,-1,178,625
111,ABC,1,14,1,195,625
112,ABC,-1,16,1,210,625
113,ABC,1,15,0,227,625
114,ABC,0,11,0,243,625
115,ABC,1,9,1,255,625
116,ABC,0,9,0,265,625
117,ABC,-1,16,0,275,625
118,ABC,-1,17,-1,292,625
119,ABC,0,23,0,310,625
120,ABC,0,15,0,334,625
121,ABC,0,15,0,350,625
122,ABC,0,14,0,366,625
123,ABC,4,9,2,381,625
124,ABC,1,3,1,391,625
125,ABC,2,10,3,395,625
126,ABC,0,17,0,406,625
160,ABC,0,1,7,424,625
161,ABC,3,5,3,426,625
162,ABC,1,13,2,432,625
163,ABC,1,15,0,446,625
164,ABC,0,16,0,462,625
165,ABC,-1,17,0,479,625
166,ABC,1,3,1,497,625
167,ABC,2,12,2,501,625
168,ABC,0,10,0,514,625
169,ABC,1,22,1,525,625
170,ABC,-1,10,-1,548,625
171,ABC,1,15,0,559,625
172,ABC,0,18,0,575,625
173,ABC,0,9,1,594,625
174,ABC,1,22,1,604,625
175,ABC,-1,18,-1,627,625
176,ABC,1,10,1,646,625
177,ABC,0,18,0,657,625
178,ABC,0,10,0,676,625
179,ABC,-1,9,0,687,625
180,ABC,3,6,1,697,625
181,ABC,2,15,1,704,625
182,ABC,0,15,0,720,625
183,ABC,3,5,3,736,625
184,ABC,2,6,2,742,625
185,ABC,2,6,2,749,625
186,ABC,0,10,0,756,625
187,ABC,1,15,0,767,625
188,ABC,2,22,0,783,625
189,ABC,2,22,0,806,625
190,ABC,0,24,0,829,625
191,ABC,1,11,1,854,625
192,ABC,0,22,0,866,625
193,ABC,0,22,0,889,625
194,ABC,0,22,0,912,625
195,ABC,0,22,0,935,625
196,ABC,0,22,0,958,625
197,ABC,0,22,0,981,625
198,ABC,-1,29,1,0,662
199,ABC,1,19,1,30,662
200,ABC,0,20,0,50,662
201,ABC,0,20,0,71,662
202,ABC,0,20,0,92,662
203,ABC,0,20,0,113,662
204,ABC,1,10,0,134,662
205,ABC,1,10,0,145,662
206,ABC,1,10,0,156,662
207,ABC,1,10,0,167,662
208,ABC,0,23,0,178,662
209,ABC,-1,24,0,202,662
210,ABC,1,21,1,227,662
211,ABC,1,21,1,249,662
212,ABC,1,21,1,271,662
213,ABC,1,21,1,293,662
214,ABC,1,21,1,315,662
215,ABC,2,14,2,337,662
216,ABC,1,21,1,352,662
217,ABC,0,22,0,374,662
218,ABC,0,22,0,397,662
219,ABC,0,22,0,420,662
220,ABC,0,22,0,443,662
221,ABC,0,23,0,466,662
222,ABC,0,18,0,490,662
223,ABC,0,16,1,509,662
224,ABC,1,13,0,526,662
225,ABC,1,13,0,540,662
226,ABC,1,13,0,554,662
227,ABC,1,13,0,568,662
228,ABC,1,13,0,582,662
229,ABC,1,13,0,596,662
230,ABC,1,20,0,610,662
231,ABC,1,12,1,631,662
232,ABC,1,13,0,644,662
233,ABC,1,13,0,658,662
234,ABC,1,13,0,672,662
235,ABC,1,13,0,686,662
236,ABC,1,8,0,700,662
237,ABC,1,8,0,709,662
238,ABC,0,9,0,718,662
239,ABC,0,10,-1,728,662
240,ABC,1,14,1,739,662
241,ABC,0,16,-1,754,662
242,ABC,1,14,1,771,662
243,ABC,1,14,1,786,662
244,ABC,1,14,1,801,662
245,ABC,1,14,1,816,662
246,ABC,1,14,1,831,662
247,ABC,0,18,0,846,662
248,ABC,0,16,0,865,662
249,ABC,-1,16,0,882,662
250,ABC,-1,16,0,899,662
251,ABC,-1,16,0,916,662
252,ABC,-1,16,0,933,662
253,ABC,0,15,0,950,662
254,ABC,-1,16,1,966,662
Spec,3,Symbol,26,22,196,46
32,ABC,0,1,4,983,662
33,ABC,2,3,1,985,662
34,ABC,1,13,1,989,662
35,ABC,0,11,0,1003,662
36,ABC,1,9,2,0,699
37,ABC,0,18,0,10,699
38,ABC,0,16,1,29,699
39,ABC,1,9,0,46,699
40,ABC,0,7,0,56,699
41,ABC,0,7,0,64,699
42,ABC,1,9,2,72,699
43,ABC,0,12,0,82,699
44,ABC,1,4,0,95,699
45,ABC,0,12,0,100,699
46,ABC,1,3,1,113,699
47,ABC,-1,8,-1,117,699
48,ABC,0,10,1,126,699
49,ABC,2,7,2,137,699
50,ABC,0,11,0,145,699
51,ABC,0,9,2,157,699
52,ABC,0,10,1,167,699
53,ABC,0,10,1,178,699
54,ABC,0,10,1,189,699
55,ABC,0,11,0,200,699
56,ABC,1,9,1,212,699
57,ABC,0,10,1,222,699
58,ABC,1,3,2,233,699
59,ABC,1,4,0,237,699
60,ABC,1,11,0,242,699
61,ABC,0,12,0,254,699
62,ABC,0,12,0,267,699
63,ABC,1,8,1,280,699
64,ABC,0,12,0,289,699
65,ABC,-1,15,0,302,699
66,ABC,0,14,1,318,699
67,ABC,0,15,0,333,699
68,ABC,0,13,0,349,699
69,ABC,0,13,0,363,699
70,ABC,0,16,0,377,699
71,ABC,0,13,0,394,699
72,ABC,0,16,0,408,699
73,ABC,0,8,0,425,699
74,ABC,0,13,0,434,699
75,ABC,0,17,-1,448,699
76,ABC,0,15,0,466,699
77,ABC,0,20,0,482,699
78,ABC,-1,18,-1,503,699
79,ABC,1,13,1,522,699
80,ABC,0,18,0,536,699
81,ABC,0,15,1,555,699
82,ABC,0,12,1,571,699
83,ABC,0,12,1,584,699
84,ABC,0,14,0,597,699
85,ABC,0,14,0,612,699
86,ABC,0,10,0,627,699
87,ABC,0,16,0,638,699
88,ABC,0,14,0,655,699
89,ABC,0,16,0,670,699
90,ABC,0,13,0,687,699
91,ABC,1,6,0,701,699
92,ABC,3,12,3,708,699
93,ABC,0,6,1,721,699
94,ABC,0,14,0,728,699
95,ABC,0,11,0,743,699
96,ABC,10,11,-11,755,699
97,ABC,1,13,0,767,699
98,ABC,1,10,0,781,699
99,ABC,0,12,0,792,699
100,ABC,0,10,1,805,699
101,ABC,0,9,1,816,699
102,ABC,0,10,1,826,699
103,ABC,0,9,0,837,699
104,ABC,0,12,1,847,699
105,ABC,0,7,0,860,699
106,ABC,0,12,1,868,699
107,ABC,0,11,0,881,699
108,ABC,0,13,0,893,699
109,ABC,1,11,-1,907,699
110,ABC,0,11,0,919,699
111,ABC,0,11,1,931,699
112,ABC,0,11,1,943,699
113,ABC,1,10,0,955,699
114,ABC,1,10,0,966,699
115,ABC,1,12,0,977,699
116,ABC,0,9,0,990,699
117,ABC,0,11,1,1000,699
118,ABC,0,15,0,0,727
119,ABC,1,13,1,16,727
120,ABC,1,10,0,30,727
121,ABC,0,15,1,41,727
122,ABC,1,11,0,57,727
123,ABC,2,7,2,69,727
124,ABC,1,2,1,77,727
125,ABC,2,7,2,80,727
126,ABC,0,11,0,88,727
127,ABC,1,11,1,100,727
129,ABC,1,11,1,112,727
141,ABC,1,11,1,124,727
143,ABC,1,11,1,136,727
144,ABC,1,11,1,148,727
157,ABC,1,11,1,160,727
160,ABC,1,11,1,172,727
161,ABC,0,12,0,184,727
162,ABC,1,4,1,197,727
163,ABC,0,12,0,202,727
164,ABC,-2,9,-3,215,727
165,ABC,0,15,0,225,727
166,ABC,0,11,0,241,727
167,ABC,1,14,2,253,727
168,ABC,3,10,2,268,727
169,ABC,2,12,2,279,727
170,ABC,2,12,2,292,727
171,ABC,0,22,0,305,727
172,ABC,0,21,0,328,727
173,ABC,1,11,1,350,727
174,ABC,1,20,0,362,727
175,ABC,1,11,1,383,727
176,ABC,1,6,1,395,727
177,ABC,0,12,0,402,727
178,ABC,1,7,1,415,727
179,ABC,0,12,0,423,727
180,ABC,1,10,1,436,727
181,ABC,1,13,1,447,727
182,ABC,0,11,0,461,727
183,ABC,1,8,1,473,727
184,ABC,0,12,0,482,727
185,ABC,0,12,0,495,727
186,ABC,0,12,0,508,727
187,ABC,0,11,0,521,727
188,ABC,2,17,2,533,727
189,ABC,5,2,6,551,727
190,ABC,-1,24,-2,554,727
191,ABC,0,13,1,579,727
192,ABC,2,14,2,593,727
193,ABC,0,14,1,608,727
194,ABC,1,15,1,623,727
195,ABC,4,14,3,639,727
196,ABC,0,16,1,654,727
197,ABC,0,16,0,671,727
198,ABC,1,16,0,688,727
199,ABC,0,16,1,705,727
200,ABC,0,17,0,722,727
201,ABC,0,15,0,740,727
202,ABC,0,15,0,756,727
203,ABC,0,15,0,772,727
204,ABC,0,15,0,788,727
205,ABC,0,15,0,804,727
206,ABC,2,11,2,820,727
207,ABC,2,11,2,832,727
208,ABC,0,17,0,844,727
209,ABC,0,15,0,862,727
210,ABC,1,15,1,878,727
211,ABC,1,15,1,894,727
212,ABC,0,20,0,910,727
213,ABC,0,17,0,931,727
214,ABC,0,12,0,949,727
215,ABC,1,3,1,962,727
216,ABC,0,14,1,966,727
217,ABC,0,13,0,981,727
218,ABC,0,13,0,995,727
219,ABC,0,22,0,0,755
220,ABC,0,21,0,23,755
221,ABC,0,12,1,45,755
222,ABC,0,21,0,58,755
223,ABC,1,12,0,80,755
224,ABC,0,10,0,93,755
225,ABC,0,7,1,104,755
226,ABC,1,15,1,112,755
227,ABC,1,15,1,128,755
228,ABC,0,15,1,144,755
229,ABC,0,15,0,160,755
230,ABC,0,10,-2,176,755
231,ABC,0,2,6,187,755
232,ABC,0,10,-2,190,755
233,ABC,0,8,0,201,755
234,ABC,0,1,7,210,755
235,ABC,0,8,0,212,755
236,ABC,4,6,0,221,755
237,ABC,0,6,4,228,755
238,ABC,4,6,0,235,755
239,ABC,4,2,4,242,755
240,ABC,1,11,1,245,755
241,ABC,0,8,0,257,755
242,ABC,0,6,-1,266,755
243,ABC,6,9,-1,273,755
244,ABC,6,3,5,283,755
245,ABC,0,9,5,287,755
246,ABC,-2,10,0,297,755
247,ABC,6,2,0,308,755
248,ABC,-2,10,0,311,755
249,ABC,0,8,0,322,755
250,ABC,6,2,0,331,755
251,ABC,0,8,0,334,755
252,ABC,0,6,4,343,755
253,ABC,4,6,0,350,755
254,ABC,0,6,4,357,755
Spec,4,Courier New,24,17,190,46
32,ABC,0,1,12,364,755
33,ABC,5,3,5,366,755
34,ABC,3,8,2,370,755
35,ABC,2,9,2,379,755
36,ABC,2,9,2,389,755
37,ABC,2,9,2,399,755
38,ABC,2,9,2,409,755
39,ABC,5,3,5,419,755
40,ABC,6,4,3,423,755
41,ABC,3,4,6,428,755
42,ABC,2,9,2,433,755
43,ABC,1,11,1,443,755
44,ABC,3,5,5,455,755
45,ABC,1,11,1,461,755
46,ABC,5,4,4,473,755
47,ABC,2,9,2,478,755
48,ABC,2,9,2,488,755
49,ABC,2,9,2,498,755
50,ABC,1,9,3,508,755
51,ABC,2,9,2,518,755
52,ABC,2,9,2,528,755
53,ABC,2,9,2,538,755
54,ABC,2,10,1,548,755
55,ABC,2,9,2,559,755
56,ABC,2,9,2,569,755
57,ABC,2,10,1,579,755
58,ABC,5,3,5,590,755
59,ABC,3,6,4,594,755
60,ABC,1,11,1,601,755
61,ABC,1,11,1,613,755
62,ABC,1,11,1,625,755
63,ABC,2,9,2,637,755
64,ABC,2,9,2,647,755
65,ABC,0,13,0,657,755
66,ABC,1,11,1,671,755
67,ABC,1,11,1,683,755
68,ABC,1,12,0,695,755
69,ABC,1,11,1,708,755
70,ABC,2,11,0,720,755
71,ABC,1,12,0,732,755
72,ABC,1,11,1,745,755
73,ABC,2,9,2,757,755
74,ABC,2,11,0,767,755
75,ABC,1,12,0,779,755
76,ABC,1,11,1,792,755
77,ABC,0,13,0,804,755
78,ABC,0,13,0,818,755
79,ABC,1,11,1,832,755
80,ABC,2,10,1,844,755
81,ABC,1,11,1,855,755
82,ABC,1,12,0,867,755
83,ABC,2,9,2,880,755
84,ABC,1,11,1,890,755
85,ABC,0,13,0,902,755
86,ABC,0,13,0,916,755
87,ABC,0,13,0,930,755
88,ABC,0,13,0,944,755
89,ABC,1,12,0,958,755
90,ABC,2,9,2,971,755
91,ABC,6,4,3,981,755
92,ABC,2,9,2,986,755
93,ABC,3,4,6,996,755
94,ABC,2,9,2,1001,755
95,ABC,0,13,0,0,783
96,ABC,4,5,4,14,783
97,ABC,1,11,1,20,783
98,ABC,0,12,1,32,783
99,ABC,1,11,1,45,783
100,ABC,1,12,0,57,783
101,ABC,1,11,1,70,783
102,ABC,2,10,1,82,783
103,ABC,1,11,1,93,783
104,ABC,1,11,1,105,783
105,ABC,2,9,2,117,783
106,ABC,1,8,4,127,783
107,ABC,2,10,1,136,783
108,ABC,2,9,2,147,783
109,ABC,0,13,0,157,783
110,ABC,1,11,1,171,783
111,ABC,1,11,1,183,783
112,ABC,0,12,1,195,783
113,ABC,1,12,0,208,783
114,ABC,1,11,1,221,783
115,ABC,2,9,2,233,783
116,ABC,1,10,2,243,783
117,ABC,1,11,1,254,783
118,ABC,0,13,0,266,783
119,ABC,0,13,0,280,783
120,ABC,1,11,1,294,783
121,ABC,1,12,0,306,783
122,ABC,2,9,2,319,783
123,ABC,4,5,4,329,783
124,ABC,6,1,6,335,783
125,ABC,4,5,4,337,783
126,ABC,1,11,1,343,783
160,ABC,0,1,12,355,783
161,ABC,5,3,5,357,783
162,ABC,2,8,3,361,783
163,ABC,1,10,2,370,783
164,ABC,2,10,1,381,783
165,ABC,1,11,1,392,783
166,ABC,6,1,6,404,783
167,ABC,1,11,1,406,783
168,ABC,3,7,3,418,783
169,ABC,0,13,0,426,783
170,ABC,3,7,3,440,783
171,ABC,1,11,1,448,783
172,ABC,0,12,1,460,783
173,ABC,1,11,1,473,783
174,ABC,0,14,-1,485,783
175,ABC,-1,15,-1,500,783
176,ABC,3,7,3,516,783
177,ABC,1,11,1,524,783
178,ABC,3,6,4,536,783
179,ABC,3,7,3,543,783
180,ABC,4,5,4,551,783
181,ABC,1,11,1,557,783
182,ABC,1,11,1,569,783
183,ABC,7,3,3,581,783
184,ABC,4,5,4,585,783
185,ABC,4,6,3,591,783
186,ABC,3,7,3,598,783
187,ABC,1,11,1,606,783
188,ABC,0,13,0,618,783
189,ABC,0,14,-1,632,783
190,ABC,0,13,0,647,783
191,ABC,2,8,3,661,783
192,ABC,0,13,0,670,783
193,ABC,0,13,0,684,783
194,ABC,0,13,0,698,783
195,ABC,0,13,0,712,783
196,ABC,0,13,0,726,783
197,ABC,0,13,0,740,783
198,ABC,0,13,0,754,783
199,ABC,1,11,1,768,783
200,ABC,1,11,1,780,783
201,ABC,1,11,1,792,783
202,ABC,1,11,1,804,783
203,ABC,1,11,1,816,783
204,ABC,2,9,2,828,783
205,ABC,2,9,2,838,783
206,ABC,2,9,2,848,783
207,ABC,2,9,2,858,783
208,ABC,0,12,1,868,783
209,ABC,0,13,0,881,783
210,ABC,1,11,1,895,783
211,ABC,1,11,1,907,783
212,ABC,1,11,1,919,783
213,ABC,1,11,1,931,783
214,ABC,1,11,1,943,783
215,ABC,2,8,3,955,783
216,ABC,0,12,1,964,783
217,ABC,0,13,0,977,783
218,ABC,0,13,0,991,783
219,ABC,0,13,0,1005,783
220,ABC,0,13,0,0,807
221,ABC,1,12,0,14,807
222,ABC,2,10,1,27,807
223,ABC,1,10,2,38,807
224,ABC,1,11,1,49,807
225,ABC,1,11,1,61,807
226,ABC,1,11,1,73,807
227,ABC,1,11,1,85,807
228,ABC,1,11,1,97,807
229,ABC,1,11,1,109,807
230,ABC,0,13,0,121,807
231,ABC,1,11,1,135,807
232,ABC,1,11,1,147,807
233,ABC,1,11,1,159,807
234,ABC,1,11,1,171,807
235,ABC,1,11,1,183,807
236,ABC,2,9,2,195,807
237,ABC,2,9,2,205,807
238,ABC,2,9,2,215,807
239,ABC,2,9,2,225,807
240,ABC,1,11,1,235,807
241,ABC,1,11,1,247,807
242,ABC,1,11,1,259,807
243,ABC,1,11,1,271,807
244,ABC,1,11,1,283,807
245,ABC,1,11,1,295,807
246,ABC,1,11,1,307,807
247,ABC,1,11,1,319,807
248,ABC,1,11,1,331,807
249,ABC,1,11,1,343,807
250,ABC,1,11,1,355,807
251,ABC,1,11,1,367,807
252,ABC,1,11,1,379,807
253,ABC,1,12,0,391,807
254,ABC,0,12,1,404,807
Spec,5,Times New Roman,25,18,190,46
32,ABC,0,1,4,417,807
33,ABC,1,4,1,419,807
34,ABC,1,6,1,424,807
35,ABC,0,10,1,431,807
36,ABC,1,9,1,442,807
37,ABC,0,18,0,452,807
38,ABC,0,16,0,471,807
39,ABC,1,2,1,488,807
40,ABC,0,7,0,491,807
41,ABC,0,7,0,499,807
42,ABC,1,8,1,507,807
43,ABC,0,12,0,516,807
44,ABC,1,3,1,529,807
45,ABC,0,7,0,533,807
46,ABC,1,3,1,541,807
47,ABC,0,7,-1,545,807
48,ABC,0,10,1,553,807
49,ABC,2,7,2,564,807
50,ABC,0,10,1,572,807
51,ABC,0,9,2,583,807
52,ABC,0,10,1,593,807
53,ABC,1,9,1,604,807
54,ABC,0,10,1,614,807
55,ABC,0,10,1,625,807
56,ABC,1,9,1,636,807
57,ABC,0,10,1,646,807
58,ABC,2,3,1,657,807
59,ABC,1,4,0,661,807
60,ABC,0,12,0,666,807
61,ABC,0,12,0,679,807
62,ABC,0,12,0,692,807
63,ABC,1,9,0,705,807
64,ABC,1,18,0,715,807
65,ABC,0,14,0,734,807
66,ABC,0,13,1,749,807
67,ABC,0,14,0,763,807
68,ABC,0,15,0,778,807
69,ABC,0,13,0,794,807
70,ABC,0,11,1,808,807
71,ABC,0,15,0,820,807
72,ABC,0,15,0,836,807
73,ABC,0,6,0,852,807
74,ABC,0,8,0,859,807
75,ABC,0,16,-1,868,807
76,ABC,0,12,0,885,807
77,ABC,0,18,0,898,807
78,ABC,-1,16,0,917,807
79,ABC,0,15,0,934,807
80,ABC,0,12,0,950,807
81,ABC,0,15,0,963,807
82,ABC,0,15,-1,979,807
83,ABC,1,9,1,995,807
84,ABC,0,12,0,1005,807
85,ABC,0,15,0,0,831
86,ABC,0,15,0,16,831
87,ABC,0,19,0,32,831
88,ABC,0,14,0,52,831
89,ABC,0,15,0,67,831
90,ABC,0,12,0,83,831
91,ABC,1,6,0,96,831
92,ABC,0,6,0,103,831
93,ABC,0,6,1,110,831
94,ABC,0,10,0,117,831
95,ABC,-1,13,-1,128,831
96,ABC,0,5,1,142,831
97,ABC,0,10,-1,148,831
98,ABC,0,10,0,159,831
99,ABC,0,9,0,170,831
100,ABC,0,11,-1,180,831
101,ABC,0,9,0,192,831
102,ABC,0,10,-3,202,831
103,ABC,0,10,0,213,831
104,ABC,0,10,0,224,831
105,ABC,0,6,0,235,831
106,ABC,-2,7,1,242,831
107,ABC,0,11,-1,250,831
108,ABC,0,6,0,262,831
109,ABC,0,16,0,269,831
110,ABC,0,11,-1,286,831
111,ABC,0,11,0,298,831
112,ABC,-1,11,0,310,831
113,ABC,0,10,0,322,831
114,ABC,0,8,-1,333,831
115,ABC,1,7,0,342,831
116,ABC,0,6,0,350,831
117,ABC,0,11,0,357,831
118,ABC,-1,11,0,369,831
119,ABC,0,15,0,381,831
120,ABC,0,10,0,397,831
121,ABC,0,9,0,408,831
122,ABC,0,9,0,418,831
123,ABC,2,7,1,428,831
124,ABC,1,1,1,436,831
125,ABC,1,7,2,438,831
126,ABC,0,11,0,446,831
160,ABC,0,1,4,458,831
161,ABC,1,4,1,460,831
162,ABC,1,8,1,465,831
163,ABC,0,10,0,474,831
164,ABC,0,11,0,485,831
165,ABC,-1,12,0,497,831
166,ABC,1,1,1,510,831
167,ABC,1,9,1,512,831
168,ABC,0,7,0,522,831
169,ABC,0,16,0,530,831
170,ABC,-1,7,-1,547,831
171,ABC,0,11,0,555,831
172,ABC,0,12,0,567,831
173,ABC,0,7,0,580,831
174,ABC,0,16,0,588,831
175,ABC,0,12,-1,605,831
176,ABC,1,6,1,618,831
177,ABC,0,12,0,625,831
178,ABC,0,6,0,638,831
179,ABC,0,6,0,645,831
180,ABC,2,4,0,652,831
181,ABC,1,10,1,657,831
182,ABC,0,10,0,668,831
183,ABC,2,3,2,679,831
184,ABC,1,4,1,683,831
185,ABC,1,4,1,688,831
186,ABC,0,7,0,693,831
187,ABC,0,11,0,701,831
188,ABC,1,15,0,713,831
189,ABC,1,15,0,729,831
190,ABC,0,16,0,745,831
191,ABC,1,8,1,762,831
192,ABC,0,14,0,771,831
193,ABC,0,14,0,786,831
194,ABC,0,14,0,801,831
195,ABC,0,14,0,816,831
196,ABC,0,14,0,831,831
197,ABC,0,14,0,846,831
198,ABC,-1,19,1,861,831
199,ABC,0,14,0,881,831
200,ABC,0,13,0,896,831
201,ABC,0,13,0,910,831
202,ABC,0,13,0,924,831
203,ABC,0,13,0,938,831
204,ABC,0,6,0,952,831
205,ABC,0,6,0,959,831
206,ABC,0,6,0,966,831
207,ABC,0,6,0,973,831
208,ABC,0,15,1,980,831
209,ABC,-1,16,0,996,831
210,ABC,0,15,0,0,855
211,ABC,0,15,0,16,855
212,ABC,0,15,0,32,855
213,ABC,0,15,0,48,855
214,ABC,0,15,0,64,855
215,ABC,1,10,1,80,855
216,ABC,0,14,1,91,855
217,ABC,0,15,0,106,855
218,ABC,0,15,0,122,855
219,ABC,0,15,0,138,855
220,ABC,0,15,0,154,855
221,ABC,0,15,0,170,855
222,ABC,0,12,1,186,855
223,ABC,0,10,0,199,855
224,ABC,0,10,-1,210,855
225,ABC,0,10,-1,221,855
226,ABC,0,10,-1,232,855
227,ABC,0,10,-1,243,855
228,ABC,0,10,-1,254,855
229,ABC,0,10,-1,265,855
230,ABC,0,14,0,276,855
231,ABC,0,9,0,291,855
232,ABC,0,9,0,301,855
233,ABC,0,9,0,311,855
234,ABC,0,9,0,321,855
235,ABC,0,9,0,331,855
236,ABC,0,6,0,341,855
237,ABC,0,6,0,348,855
238,ABC,0,6,0,355,855
239,ABC,0,7,-1,362,855
240,ABC,0,10,1,370,855
241,ABC,0,11,-1,381,855
242,ABC,0,11,0,393,855
243,ABC,0,11,0,405,855
244,ABC,0,11,0,417,855
245,ABC,0,11,0,429,855
246,ABC,0,11,0,441,855
247,ABC,0,12,0,453,855
248,ABC,0,11,0,466,855
249,ABC,0,11,0,478,855
250,ABC,0,11,0,490,855
251,ABC,0,11,0,502,855
252,ABC,0,11,0,514,855
253,ABC,0,9,0,526,855
254,ABC,0,11,0,536,855
Spec,6,Times New Roman,19,15,190,46
32,ABC,0,1,3,548,855
33,ABC,1,3,1,550,855
34,ABC,0,5,0,554,855
35,ABC,0,8,0,560,855
36,ABC,0,8,0,569,855
37,ABC,0,13,0,578,855
38,ABC,0,12,0,592,855
39,ABC,0,2,1,605,855
40,ABC,0,5,0,608,855
41,ABC,0,5,0,614,855
42,ABC,1,6,1,620,855
43,ABC,0,9,0,627,855
44,ABC,0,4,0,637,855
45,ABC,1,4,1,642,855
46,ABC,1,2,1,647,855
47,ABC,0,4,0,650,855
48,ABC,0,8,0,655,855
49,ABC,1,6,1,664,855
50,ABC,0,8,0,671,855
51,ABC,0,7,1,680,855
52,ABC,0,8,0,688,855
53,ABC,0,7,1,697,855
54,ABC,0,8,0,705,855
55,ABC,0,8,0,714,855
56,ABC,1,6,1,723,855
57,ABC,0,8,0,730,855
58,ABC,0,3,0,739,855
59,ABC,0,4,0,743,855
60,ABC,0,9,0,748,855
61,ABC,0,9,0,758,855
62,ABC,0,9,0,768,855
63,ABC,0,7,0,778,855
64,ABC,0,15,0,786,855
65,ABC,-1,12,0,802,855
66,ABC,0,10,0,815,855
67,ABC,0,11,0,826,855
68,ABC,0,11,0,838,855
69,ABC,0,9,0,850,855
70,ABC,0,9,0,860,855
71,ABC,0,11,0,870,855
72,ABC,0,11,0,882,855
73,ABC,0,5,0,894,855
74,ABC,0,6,0,900,855
75,ABC,0,12,0,907,855
76,ABC,0,9,0,920,855
77,ABC,0,14,0,930,855
78,ABC,0,12,0,945,855
79,ABC,0,12,0,958,855
80,ABC,0,9,0,971,855
81,ABC,0,12,0,981,855
82,ABC,0,11,-1,994,855
83,ABC,1,7,1,1006,855
84,ABC,0,9,0,1014,855
85,ABC,0,11,0,0,879
86,ABC,0,11,0,12,879
87,ABC,0,15,0,24,879
88,ABC,0,11,0,40,879
89,ABC,0,11,0,52,879
90,ABC,0,9,0,64,879
91,ABC,1,4,0,74,879
92,ABC,0,4,0,79,879
93,ABC,0,4,1,84,879
94,ABC,0,8,0,89,879
95,ABC,-1,10,-1,98,879
96,ABC,0,4,1,109,879
97,ABC,0,8,-1,114,879
98,ABC,-1,9,0,123,879
99,ABC,0,7,0,133,879
100,ABC,0,9,-1,141,879
101,ABC,0,7,0,151,879
102,ABC,-1,7,-2,159,879
103,ABC,0,7,0,167,879
104,ABC,-1,9,-1,175,879
105,ABC,-1,5,-1,185,879
106,ABC,-1,5,0,191,879
107,ABC,-1,10,-1,197,879
108,ABC,-1,5,-1,208,879
109,ABC,-1,13,-1,214,879
110,ABC,-1,9,-1,228,879
111,ABC,0,8,0,238,879
112,ABC,-1,9,0,247,879
113,ABC,0,9,-1,257,879
114,ABC,-1,6,0,267,879
115,ABC,0,6,0,274,879
116,ABC,0,5,-1,281,879
117,ABC,-1,8,0,287,879
118,ABC,-1,9,-1,296,879
119,ABC,0,11,0,306,879
120,ABC,0,7,0,318,879
121,ABC,0,7,0,326,879
122,ABC,0,6,0,334,879
123,ABC,1,5,1,341,879
124,ABC,1,1,1,347,879
125,ABC,1,6,1,349,879
126,ABC,0,9,0,356,879
160,ABC,0,1,3,366,879
161,ABC,1,3,1,368,879
162,ABC,1,6,1,372,879
163,ABC,0,8,0,379,879
164,ABC,0,9,-1,388,879
165,ABC,-1,9,0,398,879
166,ABC,1,1,1,408,879
167,ABC,1,6,1,410,879
168,ABC,0,5,0,417,879
169,ABC,0,12,0,423,879
170,ABC,0,5,0,436,879
171,ABC,0,7,0,442,879
172,ABC,0,9,0,450,879
173,ABC,1,4,1,460,879
174,ABC,0,12,0,465,879
175,ABC,0,9,-1,478,879
176,ABC,0,6,0,488,879
177,ABC,0,9,0,495,879
178,ABC,0,5,0,505,879
179,ABC,0,5,0,511,879
180,ABC,1,4,0,517,879
181,ABC,0,8,-1,522,879
182,ABC,0,7,0,531,879
183,ABC,1,3,1,539,879
184,ABC,1,3,0,543,879
185,ABC,1,3,1,547,879
186,ABC,0,5,0,551,879
187,ABC,0,7,0,557,879
188,ABC,1,11,0,565,879
189,ABC,1,11,0,577,879
190,ABC,0,12,0,589,879
191,ABC,0,7,0,602,879
192,ABC,-1,12,0,610,879
193,ABC,-1,12,0,623,879
194,ABC,-1,12,0,636,879
195,ABC,-1,12,0,649,879
196,ABC,-1,12,0,662,879
197,ABC,-1,12,0,675,879
198,ABC,-1,14,0,688,879
199,ABC,0,11,0,703,879
200,ABC,0,9,0,715,879
201,ABC,0,9,0,725,879
202,ABC,0,9,0,735,879
203,ABC,0,9,0,745,879
204,ABC,0,5,0,755,879
205,ABC,0,5,0,761,879
206,ABC,0,5,0,767,879
207,ABC,0,5,0,773,879
208,ABC,0,11,0,779,879
209,ABC,0,12,0,791,879
210,ABC,0,12,0,804,879
211,ABC,0,12,0,817,879
212,ABC,0,12,0,830,879
213,ABC,0,12,0,843,879
214,ABC,0,12,0,856,879
215,ABC,1,7,1,869,879
216,ABC,0,12,0,877,879
217,ABC,0,11,0,890,879
218,ABC,0,11,0,902,879
219,ABC,0,11,0,914,879
220,ABC,0,11,0,926,879
221,ABC,0,11,0,938,879
222,ABC,0,10,0,950,879
223,ABC,0,8,0,961,879
224,ABC,0,8,-1,970,879
225,ABC,0,8,-1,979,879
226,ABC,0,8,-1,988,879
227,ABC,0,8,-1,997,879
228,ABC,0,8,-1,1006,879
229,ABC,0,8,-1,1015,879
230,ABC,0,11,0,0,899
231,ABC,0,7,0,12,899
232,ABC,0,7,0,20,899
233,ABC,0,7,0,28,899
234,ABC,0,7,0,36,899
235,ABC,0,7,0,44,899
236,ABC,-1,5,-1,52,899
237,ABC,-1,5,-1,58,899
238,ABC,-1,5,-1,64,899
239,ABC,-1,5,-1,70,899
240,ABC,0,8,0,76,899
241,ABC,-1,9,-1,85,899
242,ABC,0,8,0,95,899
243,ABC,0,8,0,104,899
244,ABC,0,8,0,113,899
245,ABC,0,8,0,122,899
246,ABC,0,8,0,131,899
247,ABC,0,9,0,140,899
248,ABC,0,8,0,150,899
249,ABC,-1,8,0,159,899
250,ABC,-1,8,0,168,899
251,ABC,-1,8,0,177,899
252,ABC,-1,8,0,186,899
253,ABC,0,7,0,195,899
254,ABC,-1,9,0,203,899
Spec,7,Tahoma,19,15,190,46
32,ABC,0,1,4,213,899
33,ABC,1,2,1,215,899
34,ABC,0,6,0,218,899
35,ABC,1,9,1,225,899
36,ABC,0,8,0,235,899
37,ABC,0,15,0,244,899
38,ABC,0,11,-1,260,899
39,ABC,0,3,0,272,899
40,ABC,0,6,0,276,899
41,ABC,0,6,0,283,899
42,ABC,0,8,0,290,899
43,ABC,1,9,1,299,899
44,ABC,0,4,1,309,899
45,ABC,0,5,0,314,899
46,ABC,1,3,1,320,899
47,ABC,-1,7,0,324,899
48,ABC,0,8,0,332,899
49,ABC,1,6,1,341,899
50,ABC,0,8,0,348,899
51,ABC,0,8,0,357,899
52,ABC,0,8,0,366,899
53,ABC,1,7,0,375,899
54,ABC,0,8,0,383,899
55,ABC,0,8,0,392,899
56,ABC,0,8,0,401,899
57,ABC,0,8,0,410,899
58,ABC,1,3,1,419,899
59,ABC,0,4,1,423,899
60,ABC,1,9,1,428,899
61,ABC,1,9,1,438,899
62,ABC,1,9,1,448,899
63,ABC,0,7,0,458,899
64,ABC,1,12,1,466,899
65,ABC,0,10,-1,479,899
66,ABC,1,8,0,490,899
67,ABC,0,9,0,499,899
68,ABC,1,9,0,509,899
69,ABC,1,7,0,519,899
70,ABC,1,7,0,527,899
71,ABC,0,10,0,535,899
72,ABC,1,8,1,546,899
73,ABC,0,5,1,555,899
74,ABC,0,6,0,561,899
75,ABC,1,9,-1,568,899
76,ABC,1,6,0,578,899
77,ABC,1,10,1,585,899
78,ABC,1,9,0,596,899
79,ABC,0,11,0,606,899
80,ABC,1,7,0,618,899
81,ABC,0,11,0,626,899
82,ABC,1,9,-1,638,899
83,ABC,0,8,0,648,899
84,ABC,0,10,0,657,899
85,ABC,1,8,1,668,899
86,ABC,0,9,0,677,899
87,ABC,0,14,0,687,899
88,ABC,0,9,0,702,899
89,ABC,0,10,0,712,899
90,ABC,0,8,0,723,899
91,ABC,1,5,0,732,899
92,ABC,0,6,0,738,899
93,ABC,0,5,1,745,899
94,ABC,1,9,1,751,899
95,ABC,-1,10,-1,761,899
96,ABC,1,4,3,772,899
97,ABC,0,8,0,777,899
98,ABC,0,8,0,786,899
99,ABC,0,7,0,795,899
100,ABC,0,8,0,803,899
101,ABC,0,8,0,812,899
102,ABC,0,7,-2,821,899
103,ABC,0,8,0,829,899
104,ABC,0,8,0,838,899
105,ABC,0,2,0,847,899
106,ABC,-1,5,0,850,899
107,ABC,0,8,-1,856,899
108,ABC,0,2,0,865,899
109,ABC,0,13,0,868,899
110,ABC,0,8,0,882,899
111,ABC,0,8,0,891,899
112,ABC,0,8,0,900,899
113,ABC,0,8,0,909,899
114,ABC,0,5,0,918,899
115,ABC,0,7,0,924,899
116,ABC,0,5,0,932,899
117,ABC,0,8,0,938,899
118,ABC,0,8,0,947,899
119,ABC,0,11,-1,956,899
120,ABC,0,8,0,968,899
121,ABC,0,8,0,977,899
122,ABC,0,7,0,986,899
123,ABC,0,7,0,994,899
124,ABC,2,2,2,1002,899
125,ABC,0,7,0,1005,899
126,ABC,1,9,1,1013,899
160,ABC,0,1,4,0,919
161,ABC,1,2,1,2,919
162,ABC,0,8,0,5,919
163,ABC,0,8,0,14,919
164,ABC,0,8,0,23,919
165,ABC,0,8,0,32,919
166,ABC,2,2,2,41,919
167,ABC,0,8,0,44,919
168,ABC,1,6,1,53,919
169,ABC,0,14,0,60,919
170,ABC,0,6,1,75,919
171,ABC,0,8,1,82,919
172,ABC,1,9,1,91,919
173,ABC,0,5,0,101,919
174,ABC,0,14,0,107,919
175,ABC,-1,10,-1,122,919
176,ABC,0,7,0,133,919
177,ABC,1,9,1,141,919
178,ABC,1,6,0,151,919
179,ABC,1,5,1,158,919
180,ABC,3,4,1,164,919
181,ABC,1,7,1,169,919
182,ABC,0,8,0,177,919
183,ABC,1,3,1,186,919
184,ABC,2,4,2,190,919
185,ABC,1,5,1,195,919
186,ABC,0,7,0,201,919
187,ABC,1,7,1,209,919
188,ABC,1,13,1,217,919
189,ABC,1,14,0,231,919
190,ABC,1,13,1,246,919
191,ABC,0,7,0,260,919
192,ABC,0,10,-1,268,919
193,ABC,0,10,-1,279,919
194,ABC,0,10,-1,290,919
195,ABC,0,10,-1,301,919
196,ABC,0,10,-1,312,919
197,ABC,0,9,0,323,919
198,ABC,-1,15,0,333,919
199,ABC,0,9,0,349,919
200,ABC,1,7,0,359,919
201,ABC,1,7,0,367,919
202,ABC,1,7,0,375,919
203,ABC,1,7,0,383,919
204,ABC,0,5,1,391,919
205,ABC,0,5,1,397,919
206,ABC,0,6,0,403,919
207,ABC,0,6,0,410,919
208,ABC,-1,11,0,417,919
209,ABC,1,9,0,429,919
210,ABC,0,11,0,439,919
211,ABC,0,11,0,451,919
212,ABC,0,11,0,463,919
213,ABC,0,11,0,475,919
214,ABC,0,11,0,487,919
215,ABC,1,9,1,499,919
216,ABC,0,11,0,509,919
217,ABC,1,8,1,521,919
218,ABC,1,8,1,530,919
219,ABC,1,8,1,539,919
220,ABC,1,8,1,548,919
221,ABC,0,10,0,557,919
222,ABC,1,7,0,568,919
223,ABC,1,7,0,576,919
224,ABC,0,8,0,584,919
225,ABC,0,8,0,593,919
226,ABC,0,8,0,602,919
227,ABC,0,8,0,611,919
228,ABC,0,8,0,620,919
229,ABC,0,8,0,629,919
230,ABC,0,13,0,638,919
231,ABC,0,7,0,652,919
232,ABC,0,8,0,660,919
233,ABC,0,8,0,669,919
234,ABC,0,8,0,678,919
235,ABC,0,8,0,687,919
236,ABC,-1,4,-1,696,919
237,ABC,0,4,-2,701,919
238,ABC,-1,5,-2,706,919
239,ABC,-1,4,-1,712,919
240,ABC,0,8,0,717,919
241,ABC,0,8,0,726,919
242,ABC,0,8,0,735,919
243,ABC,0,8,0,744,919
244,ABC,0,8,0,753,919
245,ABC,0,8,0,762,919
246,ABC,0,8,0,771,919
247,ABC,1,9,1,780,919
248,ABC,0,9,0,790,919
249,ABC,0,8,0,800,919
250,ABC,0,8,0,809,919
251,ABC,0,8,0,818,919
252,ABC,0,8,0,827,919
253,ABC,0,8,0,836,919
254,ABC,0,8,0,845,919
Spec,8,Verdana,19,15,190,46
32,ABC,0,1,4,854,919
33,ABC,2,2,2,856,919
34,ABC,1,5,1,859,919
35,ABC,1,10,1,865,919
36,ABC,1,8,1,876,919
37,ABC,1,14,1,885,919
38,ABC,0,12,-1,900,919
39,ABC,1,2,1,913,919
40,ABC,1,5,1,916,919
41,ABC,1,5,1,922,919
42,ABC,1,8,1,928,919
43,ABC,1,10,1,937,919
44,ABC,1,4,0,948,919
45,ABC,1,5,1,953,919
46,ABC,1,3,1,959,919
47,ABC,-1,8,0,963,919
48,ABC,1,8,1,972,919
49,ABC,2,7,1,981,919
50,ABC,1,8,1,989,919
51,ABC,1,8,1,998,919
52,ABC,0,10,0,1007,919
53,ABC,1,8,1,0,938
54,ABC,1,9,0,9,938
55,ABC,1,8,1,19,938
56,ABC,1,8,1,28,938
57,ABC,0,9,1,37,938
58,ABC,2,3,2,47,938
59,ABC,1,4,2,51,938
60,ABC,1,10,1,56,938
61,ABC,1,10,1,67,938
62,ABC,2,9,1,78,938
63,ABC,1,7,0,88,938
64,ABC,1,13,1,96,938
65,ABC,0,10,0,110,938
66,ABC,1,9,0,121,938
67,ABC,1,10,0,131,938
68,ABC,1,10,0,142,938
69,ABC,1,8,0,153,938
70,ABC,1,8,0,162,938
71,ABC,1,10,1,171,938
72,ABC,1,9,1,182,938
73,ABC,0,5,0,192,938
74,ABC,0,6,1,198,938
75,ABC,1,9,0,205,938
76,ABC,1,7,0,215,938
77,ABC,1,11,1,223,938
78,ABC,1,9,1,235,938
79,ABC,0,12,0,245,938
80,ABC,1,8,0,258,938
81,ABC,0,12,0,267,938
82,ABC,1,10,-1,280,938
83,ABC,1,9,0,291,938
84,ABC,0,9,0,301,938
85,ABC,1,9,1,311,938
86,ABC,0,10,0,321,938
87,ABC,0,15,0,332,938
88,ABC,0,10,0,348,938
89,ABC,0,10,-1,359,938
90,ABC,1,9,0,370,938
91,ABC,1,5,1,380,938
92,ABC,0,7,0,386,938
93,ABC,1,5,1,394,938
94,ABC,1,10,1,400,938
95,ABC,0,11,-1,411,938
96,ABC,2,4,4,423,938
97,ABC,0,8,1,428,938
98,ABC,1,8,0,437,938
99,ABC,0,8,0,446,938
100,ABC,0,8,1,455,938
101,ABC,0,9,0,464,938
102,ABC,0,6,-1,474,938
103,ABC,0,9,0,481,938
104,ABC,1,7,1,491,938
105,ABC,0,3,0,499,938
106,ABC,-1,5,1,503,938
107,ABC,1,8,0,509,938
108,ABC,0,3,0,518,938
109,ABC,1,13,1,522,938
110,ABC,1,7,1,536,938
111,ABC,1,8,1,544,938
112,ABC,1,8,0,553,938
113,ABC,0,8,1,562,938
114,ABC,1,6,-1,571,938
115,ABC,0,8,0,578,938
116,ABC,1,5,0,587,938
117,ABC,1,7,1,593,938
118,ABC,0,9,0,601,938
119,ABC,0,12,1,611,938
120,ABC,0,9,0,624,938
121,ABC,0,9,0,634,938
122,ABC,0,9,0,644,938
123,ABC,1,8,1,654,938
124,ABC,2,3,2,663,938
125,ABC,1,8,1,667,938
126,ABC,1,10,1,676,938
160,ABC,0,1,4,687,938
161,ABC,2,2,2,689,938
162,ABC,1,8,1,692,938
163,ABC,1,8,1,701,938
164,ABC,1,8,1,710,938
165,ABC,0,9,1,719,938
166,ABC,2,3,2,729,938
167,ABC,1,8,1,733,938
168,ABC,2,6,2,742,938
169,ABC,1,13,1,749,938
170,ABC,1,6,1,763,938
171,ABC,1,8,1,770,938
172,ABC,1,10,1,779,938
173,ABC,1,5,1,790,938
174,ABC,1,13,1,796,938
175,ABC,0,11,-1,810,938
176,ABC,1,6,1,822,938
177,ABC,1,10,1,829,938
178,ABC,1,6,1,840,938
179,ABC,1,6,1,847,938
180,ABC,4,3,3,854,938
181,ABC,1,7,1,858,938
182,ABC,1,8,1,866,938
183,ABC,1,3,1,875,938
184,ABC,2,5,3,879,938
185,ABC,2,5,1,885,938
186,ABC,0,8,0,891,938
187,ABC,1,8,1,900,938
188,ABC,1,13,1,909,938
189,ABC,1,14,0,923,938
190,ABC,1,13,1,938,938
191,ABC,0,7,1,952,938
192,ABC,0,10,0,960,938
193,ABC,0,10,0,971,938
194,ABC,0,10,0,982,938
195,ABC,0,10,0,993,938
196,ABC,0,10,0,1004,938
197,ABC,0,10,0,0,957
198,ABC,0,14,1,11,957
199,ABC,1,10,0,26,957
200,ABC,1,8,0,37,957
201,ABC,1,8,0,46,957
202,ABC,1,8,0,55,957
203,ABC,1,8,0,64,957
204,ABC,0,5,0,73,957
205,ABC,0,5,0,79,957
206,ABC,0,6,-1,85,957
207,ABC,0,5,0,92,957
208,ABC,-1,12,0,98,957
209,ABC,1,9,1,111,957
210,ABC,0,12,0,121,957
211,ABC,0,12,0,134,957
212,ABC,0,12,0,147,957
213,ABC,0,12,0,160,957
214,ABC,0,12,0,173,957
215,ABC,2,9,1,186,957
216,ABC,0,12,0,196,957
217,ABC,1,9,1,209,957
218,ABC,1,9,1,219,957
219,ABC,1,9,1,229,957
220,ABC,1,9,1,239,957
221,ABC,0,10,-1,249,957
222,ABC,1,8,0,260,957
223,ABC,1,8,0,269,957
224,ABC,0,8,1,278,957
225,ABC,0,8,1,287,957
226,ABC,0,8,1,296,957
227,ABC,0,8,1,305,957
228,ABC,0,8,1,314,957
229,ABC,0,8,1,323,957
230,ABC,0,14,0,332,957
231,ABC,0,8,0,347,957
232,ABC,0,9,0,356,957
233,ABC,0,9,0,366,957
234,ABC,0,9,0,376,957
235,ABC,0,9,0,386,957
236,ABC,-1,4,0,396,957
237,ABC,0,4,-1,401,957
238,ABC,-1,5,-1,406,957
239,ABC,-1,5,-1,412,957
240,ABC,0,9,0,418,957
241,ABC,1,7,1,428,957
242,ABC,1,8,1,436,957
243,ABC,1,8,1,445,957
244,ABC,1,8,1,454,957
245,ABC,1,8,1,463,957
246,ABC,1,8,1,472,957
247,ABC,1,10,1,481,957
248,ABC,1,8,1,492,957
249,ABC,1,7,1,501,957
250,ABC,1,7,1,509,957
251,ABC,1,7,1,517,957
252,ABC,1,7,1,525,957
253,ABC,0,9,0,533,957
254,ABC,1,8,0,543,957
Spec,9,Courier New,15,12,190,46
32,ABC,0,1,7,552,957
33,ABC,3,2,3,554,957
34,ABC,1,6,1,557,957
35,ABC,1,6,1,564,957
36,ABC,1,6,1,571,957
37,ABC,1,6,1,578,957
38,ABC,1,6,1,585,957
39,ABC,3,2,3,592,957
40,ABC,4,3,1,595,957
41,ABC,2,3,3,599,957
42,ABC,1,6,1,603,957
43,ABC,1,7,0,610,957
44,ABC,2,3,3,618,957
45,ABC,1,6,1,622,957
46,ABC,3,2,3,629,957
47,ABC,1,6,1,632,957
48,ABC,1,6,1,639,957
49,ABC,1,6,1,646,957
50,ABC,1,6,1,653,957
51,ABC,1,6,1,660,957
52,ABC,1,6,1,667,957
53,ABC,1,6,1,674,957
54,ABC,1,6,1,681,957
55,ABC,1,6,1,688,957
56,ABC,1,6,1,695,957
57,ABC,1,6,1,702,957
58,ABC,3,2,3,709,957
59,ABC,2,3,3,712,957
60,ABC,0,7,1,716,957
61,ABC,0,8,0,724,957
62,ABC,1,7,0,733,957
63,ABC,1,6,1,741,957
64,ABC,1,6,1,748,957
65,ABC,0,8,0,755,957
66,ABC,0,8,0,764,957
67,ABC,0,8,0,773,957
68,ABC,1,7,0,782,957
69,ABC,0,7,1,790,957
70,ABC,1,7,0,798,957
71,ABC,0,8,0,806,957
72,ABC,0,8,0,815,957
73,ABC,1,6,1,824,957
74,ABC,1,7,0,831,957
75,ABC,0,8,0,839,957
76,ABC,0,8,0,848,957
77,ABC,0,8,0,857,957
78,ABC,0,8,0,866,957
79,ABC,0,8,0,875,957
80,ABC,1,7,0,884,957
81,ABC,0,8,0,892,957
82,ABC,0,8,0,901,957
83,ABC,1,6,1,910,957
84,ABC,0,7,1,917,957
85,ABC,0,8,0,925,957
86,ABC,0,8,0,934,957
87,ABC,0,8,0,943,957
88,ABC,0,8,0,952,957
89,ABC,0,8,0,961,957
90,ABC,1,6,1,970,957
91,ABC,3,3,2,977,957
92,ABC,1,6,1,981,957
93,ABC,2,3,3,988,957
94,ABC,1,6,1,992,957
95,ABC,0,8,0,999,957
96,ABC,3,3,2,1008,957
97,ABC,1,7,0,1012,957
98,ABC,0,8,0,0,976
99,ABC,1,7,0,9,976
100,ABC,0,8,0,17,976
101,ABC,1,6,1,26,976
102,ABC,1,7,0,33,976
103,ABC,1,7,0,41,976
104,ABC,0,8,0,49,976
105,ABC,1,6,1,58,976
106,ABC,1,5,2,65,976
107,ABC,1,7,0,71,976
108,ABC,1,6,1,79,976
109,ABC,0,9,-1,86,976
110,ABC,0,8,0,96,976
111,ABC,1,7,0,105,976
112,ABC,0,8,0,113,976
113,ABC,1,7,0,122,976
114,ABC,1,7,0,130,976
115,ABC,1,6,1,138,976
116,ABC,1,6,1,145,976
117,ABC,0,8,0,152,976
118,ABC,0,8,0,161,976
119,ABC,0,8,0,170,976
120,ABC,0,8,0,179,976
121,ABC,1,7,0,188,976
122,ABC,1,6,1,196,976
123,ABC,2,4,2,203,976
124,ABC,3,2,3,208,976
125,ABC,2,4,2,211,976
126,ABC,1,6,1,216,976
160,ABC,0,1,7,223,976
161,ABC,3,2,3,225,976
162,ABC,1,6,1,228,976
163,ABC,0,7,1,235,976
164,ABC,1,6,1,243,976
165,ABC,0,8,0,250,976
166,ABC,3,2,3,259,976
167,ABC,1,7,0,262,976
168,ABC,2,4,2,270,976
169,ABC,0,8,0,275,976
170,ABC,2,5,1,284,976
171,ABC,0,8,0,290,976
172,ABC,0,8,0,299,976
173,ABC,1,6,1,308,976
174,ABC,0,8,0,315,976
175,ABC,-1,10,-1,324,976
176,ABC,2,4,2,335,976
177,ABC,1,7,0,340,976
178,ABC,2,4,2,348,976
179,ABC,2,4,2,353,976
180,ABC,3,3,2,358,976
181,ABC,0,8,0,362,976
182,ABC,1,7,0,371,976
183,ABC,4,2,2,379,976
184,ABC,2,4,2,382,976
185,ABC,2,4,2,387,976
186,ABC,2,4,2,392,976
187,ABC,0,8,0,397,976
188,ABC,0,8,0,406,976
189,ABC,0,9,-1,415,976
190,ABC,0,8,0,425,976
191,ABC,1,6,1,434,976
192,ABC,0,8,0,441,976
193,ABC,0,8,0,450,976
194,ABC,0,8,0,459,976
195,ABC,0,8,0,468,976
196,ABC,0,8,0,477,976
197,ABC,0,8,0,486,976
198,ABC,0,8,0,495,976
199,ABC,0,8,0,504,976
200,ABC,0,7,1,513,976
201,ABC,0,7,1,521,976
202,ABC,0,7,1,529,976
203,ABC,0,7,1,537,976
204,ABC,1,6,1,545,976
205,ABC,1,6,1,552,976
206,ABC,1,6,1,559,976
207,ABC,1,6,1,566,976
208,ABC,0,7,1,573,976
209,ABC,0,8,0,581,976
210,ABC,0,8,0,590,976
211,ABC,0,8,0,599,976
212,ABC,0,8,0,608,976
213,ABC,0,8,0,617,976
214,ABC,0,8,0,626,976
215,ABC,1,6,1,635,976
216,ABC,0,8,0,642,976
217,ABC,0,8,0,651,976
218,ABC,0,8,0,660,976
219,ABC,0,8,0,669,976
220,ABC,0,8,0,678,976
221,ABC,0,8,0,687,976
222,ABC,1,7,0,696,976
223,ABC,0,7,1,704,976
224,ABC,1,7,0,712,976
225,ABC,1,7,0,720,976
226,ABC,1,7,0,728,976
227,ABC,1,7,0,736,976
228,ABC,1,7,0,744,976
229,ABC,1,7,0,752,976
230,ABC,0,8,0,760,976
231,ABC,1,7,0,769,976
232,ABC,1,6,1,777,976
233,ABC,1,6,1,784,976
234,ABC,1,6,1,791,976
235,ABC,1,6,1,798,976
236,ABC,1,6,1,805,976
237,ABC,1,6,1,812,976
238,ABC,1,6,1,819,976
239,ABC,1,6,1,826,976
240,ABC,1,6,1,833,976
241,ABC,0,8,0,840,976
242,ABC,1,7,0,849,976
243,ABC,1,7,0,857,976
244,ABC,1,7,0,865,976
245,ABC,1,7,0,873,976
246,ABC,1,7,0,881,976
247,ABC,1,6,1,889,976
248,ABC,0,8,0,896,976
249,ABC,0,8,0,905,976
250,ABC,0,8,0,914,976
251,ABC,0,8,0,923,976
252,ABC,0,8,0,932,976
253,ABC,1,7,0,941,976
254,ABC,0,8,0,949,976
Spec,10,Courier New,13,11,190,46
32,ABC,0,1,6,958,976
33,ABC,2,3,2,960,976
34,ABC,1,5,1,964,976
35,ABC,1,5,1,970,976
36,ABC,1,5,1,976,976
37,ABC,1,5,1,982,976
38,ABC,1,5,1,988,976
39,ABC,2,3,2,994,976
40,ABC,3,3,1,998,976
41,ABC,1,3,3,1002,976
42,ABC,1,5,1,1006,976
43,ABC,0,7,0,1012,976
44,ABC,1,3,3,1020,976
45,ABC,1,5,1,0,993
46,ABC,2,3,2,6,993
47,ABC,1,5,1,10,993
48,ABC,1,5,1,16,993
49,ABC,1,5,1,22,993
50,ABC,1,5,1,28,993
51,ABC,1,5,1,34,993
52,ABC,1,5,1,40,993
53,ABC,1,5,1,46,993
54,ABC,1,6,0,52,993
55,ABC,1,5,1,59,993
56,ABC,1,5,1,65,993
57,ABC,1,5,1,71,993
58,ABC,2,3,2,77,993
59,ABC,1,4,2,81,993
60,ABC,0,6,1,86,993
61,ABC,0,7,0,93,993
62,ABC,1,6,0,101,993
63,ABC,1,5,1,108,993
64,ABC,1,5,1,114,993
65,ABC,0,7,0,120,993
66,ABC,0,7,0,128,993
67,ABC,0,7,0,136,993
68,ABC,0,7,0,144,993
69,ABC,0,6,1,152,993
70,ABC,1,6,0,159,993
71,ABC,0,7,0,166,993
72,ABC,0,7,0,174,993
73,ABC,1,5,1,182,993
74,ABC,1,6,0,188,993
75,ABC,0,7,0,195,993
76,ABC,0,7,0,203,993
77,ABC,0,7,0,211,993
78,ABC,0,7,0,219,993
79,ABC,0,7,0,227,993
80,ABC,1,6,0,235,993
81,ABC,0,7,0,242,993
82,ABC,0,7,0,250,993
83,ABC,1,5,1,258,993
84,ABC,0,7,0,264,993
85,ABC,0,7,0,272,993
86,ABC,0,8,-1,280,993
87,ABC,0,7,0,289,993
88,ABC,0,7,0,297,993
89,ABC,0,7,0,305,993
90,ABC,1,5,1,313,993
91,ABC,3,3,1,319,993
92,ABC,1,5,1,323,993
93,ABC,1,3,3,329,993
94,ABC,1,5,1,333,993
95,ABC,0,7,0,339,993
96,ABC,2,3,2,347,993
97,ABC,1,6,0,351,993
98,ABC,0,7,0,358,993
99,ABC,1,6,0,366,993
100,ABC,0,7,0,373,993
101,ABC,0,6,1,381,993
102,ABC,1,6,0,388,993
103,ABC,0,7,0,395,993
104,ABC,0,7,0,403,993
105,ABC,1,5,1,411,993
106,ABC,1,4,2,417,993
107,ABC,1,6,0,422,993
108,ABC,1,5,1,429,993
109,ABC,0,8,-1,435,993
110,ABC,0,7,0,444,993
111,ABC,0,7,0,452,993
112,ABC,0,7,0,460,993
113,ABC,0,7,0,468,993
114,ABC,1,6,0,476,993
115,ABC,1,5,1,483,993
116,ABC,0,6,1,489,993
117,ABC,0,7,0,496,993
118,ABC,0,7,0,504,993
119,ABC,0,7,0,512,993
120,ABC,0,7,0,520,993
121,ABC,1,6,0,528,993
122,ABC,1,5,1,535,993
123,ABC,2,3,2,541,993
124,ABC,3,1,3,545,993
125,ABC,2,3,2,547,993
126,ABC,1,5,1,551,993
160,ABC,0,1,6,557,993
161,ABC,2,3,2,559,993
162,ABC,1,5,1,563,993
163,ABC,0,6,1,569,993
164,ABC,1,5,1,576,993
165,ABC,0,7,0,582,993
166,ABC,3,1,3,590,993
167,ABC,0,7,0,592,993
168,ABC,1,5,1,600,993
169,ABC,0,7,0,606,993
170,ABC,1,5,1,614,993
171,ABC,0,7,0,620,993
172,ABC,0,7,0,628,993
173,ABC,1,5,1,636,993
174,ABC,0,7,0,642,993
175,ABC,-1,9,-1,650,993
176,ABC,2,4,1,660,993
177,ABC,0,7,0,665,993
178,ABC,2,3,2,673,993
179,ABC,1,4,2,677,993
180,ABC,2,3,2,682,993
181,ABC,0,7,0,686,993
182,ABC,0,7,0,694,993
183,ABC,4,2,1,702,993
184,ABC,2,3,2,705,993
185,ABC,2,3,2,709,993
186,ABC,1,5,1,713,993
187,ABC,0,7,0,719,993
188,ABC,0,7,0,727,993
189,ABC,0,7,0,735,993
190,ABC,0,7,0,743,993
191,ABC,1,5,1,751,993
192,ABC,0,7,0,757,993
193,ABC,0,7,0,765,993
194,ABC,0,7,0,773,993
195,ABC,0,7,0,781,993
196,ABC,0,7,0,789,993
197,ABC,0,7,0,797,993
198,ABC,0,7,0,805,993
199,ABC,0,7,0,813,993
200,ABC,0,6,1,821,993
201,ABC,0,6,1,828,993
202,ABC,0,6,1,835,993
203,ABC,0,6,1,842,993
204,ABC,1,5,1,849,993
205,ABC,1,5,1,855,993
206,ABC,1,5,1,861,993
207,ABC,1,5,1,867,993
208,ABC,0,7,0,873,993
209,ABC,0,7,0,881,993
210,ABC,0,7,0,889,993
211,ABC,0,7,0,897,993
212,ABC,0,7,0,905,993
213,ABC,0,7,0,913,993
214,ABC,0,7,0,921,993
215,ABC,1,5,1,929,993
216,ABC,0,7,0,935,993
217,ABC,0,7,0,943,993
218,ABC,0,7,0,951,993
219,ABC,0,7,0,959,993
220,ABC,0,7,0,967,993
221,ABC,0,7,0,975,993
222,ABC,1,6,0,983,993
223,ABC,0,6,1,990,993
224,ABC,1,6,0,997,993
225,ABC,1,6,0,1004,993
226,ABC,1,6,0,1011,993
227,ABC,1,6,0,0,1008
228,ABC,1,6,0,7,1008
229,ABC,1,6,0,14,1008
230,ABC,0,7,0,21,1008
231,ABC,1,6,0,29,1008
232,ABC,0,6,1,36,1008
233,ABC,0,6,1,43,1008
234,ABC,0,6,1,50,1008
235,ABC,0,6,1,57,1008
236,ABC,1,5,1,64,1008
237,ABC,1,5,1,70,1008
238,ABC,1,5,1,76,1008
239,ABC,1,5,1,82,1008
240,ABC,0,7,0,88,1008
241,ABC,0,7,0,96,1008
242,ABC,0,7,0,104,1008
243,ABC,0,7,0,112,1008
244,ABC,0,7,0,120,1008
245,ABC,0,7,0,128,1008
246,ABC,0,7,0,136,1008
247,ABC,1,5,1,144,1008
248,ABC,0,7,0,150,1008
249,ABC,0,7,0,158,1008
250,ABC,0,7,0,166,1008
251,ABC,0,7,0,174,1008
252,ABC,0,7,0,182,1008
253,ABC,1,6,0,190,1008
254,ABC,0,7,0,197,1008
